Category1,Current_m1,Current_m2,Current_m3,Current_m4,Current_m5,Current_m6,Current_m7,Current_m8,Current_m9,Current_m10,Current_m11,Current_m12,ShiftedWinter_m1,ShiftedWinter_m2,ShiftedWinter_m3,ShiftedWinter_m4,ShiftedWinter_m5,ShiftedWinter_m6,ShiftedWinter_m7,ShiftedWinter_m8,ShiftedWinter_m9,ShiftedWinter_m10,ShiftedWinter_m11,ShiftedWinter_m12,ShiftedSummer_m1,ShiftedSummer_m2,ShiftedSummer_m3,ShiftedSummer_m4,ShiftedSummer_m5,ShiftedSummer_m6,ShiftedSummer_m7,ShiftedSummer_m8,ShiftedSummer_m9,ShiftedSummer_m10,ShiftedSummer_m11,ShiftedSummer_m12
MS1_bs_028_05454,1,1,1,1,1,1,1,1,1,1,1,1,1.809,1.809,1.809,0.7,0.7,0.7,0.7,0.7,0.7,1.809,1.809,1.809,0.191,0.191,0.191,1.3,1.3,1.3,1.3,1.3,1.3,0.191,0.191,0.191
MS1_bs_045_05454,1,1,1,1,1,1,1,1,1,1,1,1,1.977,1.977,1.977,0.7,0.7,0.7,0.7,0.7,0.7,1.977,1.977,1.977,0.023,0.023,0.023,1.3,1.3,1.3,1.3,1.3,1.3,0.023,0.023,0.023
MS1_bs_066_05257,1,1,1,1,1,1,1,1,1,1,1,1,1.146,1.146,1.146,0.7,0.7,0.7,0.7,0.7,0.7,1.146,1.146,1.146,0.854,0.854,0.854,1.3,1.3,1.3,1.3,1.3,1.3,0.854,0.854,0.854
MS1_bs_075_05454,1,1,1,1,1,1,1,1,1,1,1,1,1.143,1.143,1.143,0.7,0.7,0.7,0.7,0.7,0.7,1.143,1.143,1.143,0.857,0.857,0.857,1.3,1.3,1.3,1.3,1.3,1.3,0.857,0.857,0.857
MS1_bs_087_05454,1,1,1,1,1,1,1,1,1,1,1,1,2.178,2.178,2.178,0.7,0.7,0.7,0.7,0.7,0.7,2.178,2.178,2.178,0,0,0,1.3,1.3,1.3,1.3,1.3,1.3,0,0,0
MS1_bs_090_05454,1,1,1,1,1,1,1,1,1,1,1,1,1.988,1.988,1.988,0.7,0.7,0.7,0.7,0.7,0.7,1.988,1.988,1.988,0.012,0.012,0.012,1.3,1.3,1.3,1.3,1.3,1.3,0.012,0.012,0.012
MS1_bs_094_05454,1,1,1,1,1,1,1,1,1,1,1,1,2.15,2.15,2.15,0.7,0.7,0.7,0.7,0.7,0.7,2.15,2.15,2.15,0,0,0,1.3,1.3,1.3,1.3,1.3,1.3,0,0,0
MS1_bs_118_05257,1,1,1,1,1,1,1,1,1,1,1,1,1.134,1.134,1.134,0.7,0.7,0.7,0.7,0.7,0.7,1.134,1.134,1.134,0.866,0.866,0.866,1.3,1.3,1.3,1.3,1.3,1.3,0.866,0.866,0.866
MS1_bs_122_05454,1,1,1,1,1,1,1,1,1,1,1,1,2.09,2.09,2.09,0.7,0.7,0.7,0.7,0.7,0.7,2.09,2.09,2.09,0,0,0,1.3,1.3,1.3,1.3,1.3,1.3,0,0,0
MS1_bs_133_05454,1,1,1,1,1,1,1,1,1,1,1,1,1.148,1.148,1.148,0.7,0.7,0.7,0.7,0.7,0.7,1.148,1.148,1.148,0.852,0.852,0.852,1.3,1.3,1.3,1.3,1.3,1.3,0.852,0.852,0.852
MS1_bs_136_05455,1,1,1,1,1,1,1,1,1,1,1,1,1.382,1.382,1.382,0.7,0.7,0.7,0.7,0.7,0.7,1.382,1.382,1.382,0.618,0.618,0.618,1.3,1.3,1.3,1.3,1.3,1.3,0.618,0.618,0.618
MS1_bs_157_05454,1,1,1,1,1,1,1,1,1,1,1,1,1.16,1.16,1.16,0.7,0.7,0.7,0.7,0.7,0.7,1.16,1.16,1.16,0.84,0.84,0.84,1.3,1.3,1.3,1.3,1.3,1.3,0.84,0.84,0.84
MS1_bs_228_05455,1,1,1,1,1,1,1,1,1,1,1,1,1.567,1.567,1.567,0.7,0.7,0.7,0.7,0.7,0.7,1.567,1.567,1.567,0.433,0.433,0.433,1.3,1.3,1.3,1.3,1.3,1.3,0.433,0.433,0.433
MS1_bs_246_05455,1,1,1,1,1,1,1,1,1,1,1,1,1.531,1.531,1.531,0.7,0.7,0.7,0.7,0.7,0.7,1.531,1.531,1.531,0.469,0.469,0.469,1.3,1.3,1.3,1.3,1.3,1.3,0.469,0.469,0.469
MS1_bs_249_05455,1,1,1,1,1,1,1,1,1,1,1,1,1.394,1.394,1.394,0.7,0.7,0.7,0.7,0.7,0.7,1.394,1.394,1.394,0.606,0.606,0.606,1.3,1.3,1.3,1.3,1.3,1.3,0.606,0.606,0.606
MS1_bs_259_05454,1,1,1,1,1,1,1,1,1,1,1,1,1.747,1.747,1.747,0.7,0.7,0.7,0.7,0.7,0.7,1.747,1.747,1.747,0.253,0.253,0.253,1.3,1.3,1.3,1.3,1.3,1.3,0.253,0.253,0.253
MS1_bs_295_05455,1,1,1,1,1,1,1,1,1,1,1,1,1.168,1.168,1.168,0.7,0.7,0.7,0.7,0.7,0.7,1.168,1.168,1.168,0.832,0.832,0.832,1.3,1.3,1.3,1.3,1.3,1.3,0.832,0.832,0.832
MS1_bs_298_05455,1,1,1,1,1,1,1,1,1,1,1,1,1.564,1.564,1.564,0.7,0.7,0.7,0.7,0.7,0.7,1.564,1.564,1.564,0.436,0.436,0.436,1.3,1.3,1.3,1.3,1.3,1.3,0.436,0.436,0.436
MS1_bs_300_05455,1,1,1,1,1,1,1,1,1,1,1,1,1.427,1.427,1.427,0.7,0.7,0.7,0.7,0.7,0.7,1.427,1.427,1.427,0.573,0.573,0.573,1.3,1.3,1.3,1.3,1.3,1.3,0.573,0.573,0.573
MS1_bs_324_05454,1,1,1,1,1,1,1,1,1,1,1,1,1.852,1.852,1.852,0.7,0.7,0.7,0.7,0.7,0.7,1.852,1.852,1.852,0.148,0.148,0.148,1.3,1.3,1.3,1.3,1.3,1.3,0.148,0.148,0.148
MS1_bs_328_05454,1,1,1,1,1,1,1,1,1,1,1,1,1.145,1.145,1.145,0.7,0.7,0.7,0.7,0.7,0.7,1.145,1.145,1.145,0.855,0.855,0.855,1.3,1.3,1.3,1.3,1.3,1.3,0.855,0.855,0.855
MS1_bs_334_05455,1,1,1,1,1,1,1,1,1,1,1,1,1.517,1.517,1.517,0.7,0.7,0.7,0.7,0.7,0.7,1.517,1.517,1.517,0.483,0.483,0.483,1.3,1.3,1.3,1.3,1.3,1.3,0.483,0.483,0.483
MS1_bs_369_05257,1,1,1,1,1,1,1,1,1,1,1,1,1.192,1.192,1.192,0.7,0.7,0.7,0.7,0.7,0.7,1.192,1.192,1.192,0.808,0.808,0.808,1.3,1.3,1.3,1.3,1.3,1.3,0.808,0.808,0.808
MS1_bs_385_05257,1,1,1,1,1,1,1,1,1,1,1,1,1.198,1.198,1.198,0.7,0.7,0.7,0.7,0.7,0.7,1.198,1.198,1.198,0.802,0.802,0.802,1.3,1.3,1.3,1.3,1.3,1.3,0.802,0.802,0.802
MS1_bs_395_05454,1,1,1,1,1,1,1,1,1,1,1,1,1.87,1.87,1.87,0.7,0.7,0.7,0.7,0.7,0.7,1.87,1.87,1.87,0.13,0.13,0.13,1.3,1.3,1.3,1.3,1.3,1.3,0.13,0.13,0.13
MS1_bs_409_05454,1,1,1,1,1,1,1,1,1,1,1,1,1.2,1.2,1.2,0.7,0.7,0.7,0.7,0.7,0.7,1.2,1.2,1.2,0.8,0.8,0.8,1.3,1.3,1.3,1.3,1.3,1.3,0.8,0.8,0.8
MS1_bs_431_05455,1,1,1,1,1,1,1,1,1,1,1,1,1.412,1.412,1.412,0.7,0.7,0.7,0.7,0.7,0.7,1.412,1.412,1.412,0.588,0.588,0.588,1.3,1.3,1.3,1.3,1.3,1.3,0.588,0.588,0.588
MS1_bs_463_05455,1,1,1,1,1,1,1,1,1,1,1,1,1.464,1.464,1.464,0.7,0.7,0.7,0.7,0.7,0.7,1.464,1.464,1.464,0.536,0.536,0.536,1.3,1.3,1.3,1.3,1.3,1.3,0.536,0.536,0.536
MS1_bs_489_05454,1,1,1,1,1,1,1,1,1,1,1,1,1.218,1.218,1.218,0.7,0.7,0.7,0.7,0.7,0.7,1.218,1.218,1.218,0.782,0.782,0.782,1.3,1.3,1.3,1.3,1.3,1.3,0.782,0.782,0.782
MS1_bs_548_05454,1,1,1,1,1,1,1,1,1,1,1,1,1.346,1.346,1.346,0.7,0.7,0.7,0.7,0.7,0.7,1.346,1.346,1.346,0.654,0.654,0.654,1.3,1.3,1.3,1.3,1.3,1.3,0.654,0.654,0.654
MS1_bs_553_05454,1,1,1,1,1,1,1,1,1,1,1,1,1.26,1.26,1.26,0.7,0.7,0.7,0.7,0.7,0.7,1.26,1.26,1.26,0.74,0.74,0.74,1.3,1.3,1.3,1.3,1.3,1.3,0.74,0.74,0.74
MS1_bs_557_05454,1,1,1,1,1,1,1,1,1,1,1,1,1.829,1.829,1.829,0.7,0.7,0.7,0.7,0.7,0.7,1.829,1.829,1.829,0.171,0.171,0.171,1.3,1.3,1.3,1.3,1.3,1.3,0.171,0.171,0.171
MS1_bs_562_05454,1,1,1,1,1,1,1,1,1,1,1,1,1.534,1.534,1.534,0.7,0.7,0.7,0.7,0.7,0.7,1.534,1.534,1.534,0.466,0.466,0.466,1.3,1.3,1.3,1.3,1.3,1.3,0.466,0.466,0.466
MS1_bs_570_05454,1,1,1,1,1,1,1,1,1,1,1,1,1.344,1.344,1.344,0.7,0.7,0.7,0.7,0.7,0.7,1.344,1.344,1.344,0.656,0.656,0.656,1.3,1.3,1.3,1.3,1.3,1.3,0.656,0.656,0.656
MS1_bs_577_05454,1,1,1,1,1,1,1,1,1,1,1,1,1.265,1.265,1.265,0.7,0.7,0.7,0.7,0.7,0.7,1.265,1.265,1.265,0.735,0.735,0.735,1.3,1.3,1.3,1.3,1.3,1.3,0.735,0.735,0.735
MS1_bs_630_05455,1,1,1,1,1,1,1,1,1,1,1,1,1.311,1.311,1.311,0.7,0.7,0.7,0.7,0.7,0.7,1.311,1.311,1.311,0.689,0.689,0.689,1.3,1.3,1.3,1.3,1.3,1.3,0.689,0.689,0.689
MS1_bs_639_05257,1,1,1,1,1,1,1,1,1,1,1,1,1.144,1.144,1.144,0.7,0.7,0.7,0.7,0.7,0.7,1.144,1.144,1.144,0.856,0.856,0.856,1.3,1.3,1.3,1.3,1.3,1.3,0.856,0.856,0.856
MS1_bs_705_05454,1,1,1,1,1,1,1,1,1,1,1,1,1.191,1.191,1.191,0.7,0.7,0.7,0.7,0.7,0.7,1.191,1.191,1.191,0.809,0.809,0.809,1.3,1.3,1.3,1.3,1.3,1.3,0.809,0.809,0.809
MS1_bs_714_05454,1,1,1,1,1,1,1,1,1,1,1,1,1.308,1.308,1.308,0.7,0.7,0.7,0.7,0.7,0.7,1.308,1.308,1.308,0.692,0.692,0.692,1.3,1.3,1.3,1.3,1.3,1.3,0.692,0.692,0.692
MS1_bs_725_05454,1,1,1,1,1,1,1,1,1,1,1,1,2.04,2.04,2.04,0.7,0.7,0.7,0.7,0.7,0.7,2.04,2.04,2.04,0,0,0,1.3,1.3,1.3,1.3,1.3,1.3,0,0,0
MS1_bs_727_05257,1,1,1,1,1,1,1,1,1,1,1,1,1.15,1.15,1.15,0.7,0.7,0.7,0.7,0.7,0.7,1.15,1.15,1.15,0.85,0.85,0.85,1.3,1.3,1.3,1.3,1.3,1.3,0.85,0.85,0.85
MS1_bs_743_05455,1,1,1,1,1,1,1,1,1,1,1,1,1.169,1.169,1.169,0.7,0.7,0.7,0.7,0.7,0.7,1.169,1.169,1.169,0.831,0.831,0.831,1.3,1.3,1.3,1.3,1.3,1.3,0.831,0.831,0.831
MS1_bs_745_05257,1,1,1,1,1,1,1,1,1,1,1,1,1.215,1.215,1.215,0.7,0.7,0.7,0.7,0.7,0.7,1.215,1.215,1.215,0.785,0.785,0.785,1.3,1.3,1.3,1.3,1.3,1.3,0.785,0.785,0.785
MS1_bs_766_05454,1,1,1,1,1,1,1,1,1,1,1,1,1.22,1.22,1.22,0.7,0.7,0.7,0.7,0.7,0.7,1.22,1.22,1.22,0.78,0.78,0.78,1.3,1.3,1.3,1.3,1.3,1.3,0.78,0.78,0.78
MS1_bs_807_05455,1,1,1,1,1,1,1,1,1,1,1,1,1.163,1.163,1.163,0.7,0.7,0.7,0.7,0.7,0.7,1.163,1.163,1.163,0.837,0.837,0.837,1.3,1.3,1.3,1.3,1.3,1.3,0.837,0.837,0.837
MS1_bs_816_05455,1,1,1,1,1,1,1,1,1,1,1,1,1.222,1.222,1.222,0.7,0.7,0.7,0.7,0.7,0.7,1.222,1.222,1.222,0.778,0.778,0.778,1.3,1.3,1.3,1.3,1.3,1.3,0.778,0.778,0.778
MS1_bs_821_05455,1,1,1,1,1,1,1,1,1,1,1,1,1.431,1.431,1.431,0.7,0.7,0.7,0.7,0.7,0.7,1.431,1.431,1.431,0.569,0.569,0.569,1.3,1.3,1.3,1.3,1.3,1.3,0.569,0.569,0.569
MS1_bs_830_05455,1,1,1,1,1,1,1,1,1,1,1,1,1.269,1.269,1.269,0.7,0.7,0.7,0.7,0.7,0.7,1.269,1.269,1.269,0.731,0.731,0.731,1.3,1.3,1.3,1.3,1.3,1.3,0.731,0.731,0.731
MS1_bs_832_05454,1,1,1,1,1,1,1,1,1,1,1,1,1.76,1.76,1.76,0.7,0.7,0.7,0.7,0.7,0.7,1.76,1.76,1.76,0.24,0.24,0.24,1.3,1.3,1.3,1.3,1.3,1.3,0.24,0.24,0.24
MS1_bs_833_05257,1,1,1,1,1,1,1,1,1,1,1,1,1.212,1.212,1.212,0.7,0.7,0.7,0.7,0.7,0.7,1.212,1.212,1.212,0.788,0.788,0.788,1.3,1.3,1.3,1.3,1.3,1.3,0.788,0.788,0.788
MS1_bs_841_05257,1,1,1,1,1,1,1,1,1,1,1,1,1.248,1.248,1.248,0.7,0.7,0.7,0.7,0.7,0.7,1.248,1.248,1.248,0.752,0.752,0.752,1.3,1.3,1.3,1.3,1.3,1.3,0.752,0.752,0.752
MS1_bs_859_05454,1,1,1,1,1,1,1,1,1,1,1,1,1.704,1.704,1.704,0.7,0.7,0.7,0.7,0.7,0.7,1.704,1.704,1.704,0.296,0.296,0.296,1.3,1.3,1.3,1.3,1.3,1.3,0.296,0.296,0.296
MS1_bs_862_05257,1,1,1,1,1,1,1,1,1,1,1,1,1.284,1.284,1.284,0.7,0.7,0.7,0.7,0.7,0.7,1.284,1.284,1.284,0.716,0.716,0.716,1.3,1.3,1.3,1.3,1.3,1.3,0.716,0.716,0.716
MS1_bs_885_05455,1,1,1,1,1,1,1,1,1,1,1,1,1.15,1.15,1.15,0.7,0.7,0.7,0.7,0.7,0.7,1.15,1.15,1.15,0.85,0.85,0.85,1.3,1.3,1.3,1.3,1.3,1.3,0.85,0.85,0.85
MS1_bs_906_05257,1,1,1,1,1,1,1,1,1,1,1,1,1.227,1.227,1.227,0.7,0.7,0.7,0.7,0.7,0.7,1.227,1.227,1.227,0.773,0.773,0.773,1.3,1.3,1.3,1.3,1.3,1.3,0.773,0.773,0.773
MS1_bs_918_05454,1,1,1,1,1,1,1,1,1,1,1,1,1.271,1.271,1.271,0.7,0.7,0.7,0.7,0.7,0.7,1.271,1.271,1.271,0.729,0.729,0.729,1.3,1.3,1.3,1.3,1.3,1.3,0.729,0.729,0.729
MS1_bs_923_05455,1,1,1,1,1,1,1,1,1,1,1,1,1.25,1.25,1.25,0.7,0.7,0.7,0.7,0.7,0.7,1.25,1.25,1.25,0.75,0.75,0.75,1.3,1.3,1.3,1.3,1.3,1.3,0.75,0.75,0.75
MS1_bs_931_05455,1,1,1,1,1,1,1,1,1,1,1,1,1.289,1.289,1.289,0.7,0.7,0.7,0.7,0.7,0.7,1.289,1.289,1.289,0.711,0.711,0.711,1.3,1.3,1.3,1.3,1.3,1.3,0.711,0.711,0.711
MS1_bs_962_05455,1,1,1,1,1,1,1,1,1,1,1,1,1.162,1.162,1.162,0.7,0.7,0.7,0.7,0.7,0.7,1.162,1.162,1.162,0.838,0.838,0.838,1.3,1.3,1.3,1.3,1.3,1.3,0.838,0.838,0.838
MS1_bs_986_05257,1,1,1,1,1,1,1,1,1,1,1,1,1.223,1.223,1.223,0.7,0.7,0.7,0.7,0.7,0.7,1.223,1.223,1.223,0.777,0.777,0.777,1.3,1.3,1.3,1.3,1.3,1.3,0.777,0.777,0.777
MS1_bs_1014_05257,1,1,1,1,1,1,1,1,1,1,1,1,1.263,1.263,1.263,0.7,0.7,0.7,0.7,0.7,0.7,1.263,1.263,1.263,0.737,0.737,0.737,1.3,1.3,1.3,1.3,1.3,1.3,0.737,0.737,0.737
MS1_bs_1044_05257,1,1,1,1,1,1,1,1,1,1,1,1,1.151,1.151,1.151,0.7,0.7,0.7,0.7,0.7,0.7,1.151,1.151,1.151,0.849,0.849,0.849,1.3,1.3,1.3,1.3,1.3,1.3,0.849,0.849,0.849
MS1_bs_1071_05257,1,1,1,1,1,1,1,1,1,1,1,1,1.163,1.163,1.163,0.7,0.7,0.7,0.7,0.7,0.7,1.163,1.163,1.163,0.837,0.837,0.837,1.3,1.3,1.3,1.3,1.3,1.3,0.837,0.837,0.837
MS1_bs_1077_05454,1,1,1,1,1,1,1,1,1,1,1,1,1.79,1.79,1.79,0.7,0.7,0.7,0.7,0.7,0.7,1.79,1.79,1.79,0.21,0.21,0.21,1.3,1.3,1.3,1.3,1.3,1.3,0.21,0.21,0.21
MS1_bs_1085_05257,1,1,1,1,1,1,1,1,1,1,1,1,1.144,1.144,1.144,0.7,0.7,0.7,0.7,0.7,0.7,1.144,1.144,1.144,0.856,0.856,0.856,1.3,1.3,1.3,1.3,1.3,1.3,0.856,0.856,0.856
MS1_bs_1096_05455,1,1,1,1,1,1,1,1,1,1,1,1,1.18,1.18,1.18,0.7,0.7,0.7,0.7,0.7,0.7,1.18,1.18,1.18,0.82,0.82,0.82,1.3,1.3,1.3,1.3,1.3,1.3,0.82,0.82,0.82
MS1_bs_1120_05455,1,1,1,1,1,1,1,1,1,1,1,1,1.284,1.284,1.284,0.7,0.7,0.7,0.7,0.7,0.7,1.284,1.284,1.284,0.716,0.716,0.716,1.3,1.3,1.3,1.3,1.3,1.3,0.716,0.716,0.716
MS1_bs_1129_05257,1,1,1,1,1,1,1,1,1,1,1,1,1.563,1.563,1.563,0.7,0.7,0.7,0.7,0.7,0.7,1.563,1.563,1.563,0.437,0.437,0.437,1.3,1.3,1.3,1.3,1.3,1.3,0.437,0.437,0.437
MS1_bs_1138_05455,1,1,1,1,1,1,1,1,1,1,1,1,1.36,1.36,1.36,0.7,0.7,0.7,0.7,0.7,0.7,1.36,1.36,1.36,0.64,0.64,0.64,1.3,1.3,1.3,1.3,1.3,1.3,0.64,0.64,0.64
MS1_bs_1142_05257,1,1,1,1,1,1,1,1,1,1,1,1,1.164,1.164,1.164,0.7,0.7,0.7,0.7,0.7,0.7,1.164,1.164,1.164,0.836,0.836,0.836,1.3,1.3,1.3,1.3,1.3,1.3,0.836,0.836,0.836
MS1_bs_1157_05257,1,1,1,1,1,1,1,1,1,1,1,1,1.607,1.607,1.607,0.7,0.7,0.7,0.7,0.7,0.7,1.607,1.607,1.607,0.393,0.393,0.393,1.3,1.3,1.3,1.3,1.3,1.3,0.393,0.393,0.393
MS1_bs_1169_05454,1,1,1,1,1,1,1,1,1,1,1,1,1.431,1.431,1.431,0.7,0.7,0.7,0.7,0.7,0.7,1.431,1.431,1.431,0.569,0.569,0.569,1.3,1.3,1.3,1.3,1.3,1.3,0.569,0.569,0.569
MS1_bs_1192_05455,1,1,1,1,1,1,1,1,1,1,1,1,1.254,1.254,1.254,0.7,0.7,0.7,0.7,0.7,0.7,1.254,1.254,1.254,0.746,0.746,0.746,1.3,1.3,1.3,1.3,1.3,1.3,0.746,0.746,0.746
MS1_bs_1197_05257,1,1,1,1,1,1,1,1,1,1,1,1,1.221,1.221,1.221,0.7,0.7,0.7,0.7,0.7,0.7,1.221,1.221,1.221,0.779,0.779,0.779,1.3,1.3,1.3,1.3,1.3,1.3,0.779,0.779,0.779
MS1_bs_1205_05455,1,1,1,1,1,1,1,1,1,1,1,1,1.232,1.232,1.232,0.7,0.7,0.7,0.7,0.7,0.7,1.232,1.232,1.232,0.768,0.768,0.768,1.3,1.3,1.3,1.3,1.3,1.3,0.768,0.768,0.768
MS1_bs_1215_05454,1,1,1,1,1,1,1,1,1,1,1,1,1.276,1.276,1.276,0.7,0.7,0.7,0.7,0.7,0.7,1.276,1.276,1.276,0.724,0.724,0.724,1.3,1.3,1.3,1.3,1.3,1.3,0.724,0.724,0.724
MS1_bs_1262_05454,1,1,1,1,1,1,1,1,1,1,1,1,1.499,1.499,1.499,0.7,0.7,0.7,0.7,0.7,0.7,1.499,1.499,1.499,0.501,0.501,0.501,1.3,1.3,1.3,1.3,1.3,1.3,0.501,0.501,0.501
MS1_bs_1273_05455,1,1,1,1,1,1,1,1,1,1,1,1,1.211,1.211,1.211,0.7,0.7,0.7,0.7,0.7,0.7,1.211,1.211,1.211,0.789,0.789,0.789,1.3,1.3,1.3,1.3,1.3,1.3,0.789,0.789,0.789
MS1_bs_1288_05257,1,1,1,1,1,1,1,1,1,1,1,1,1.213,1.213,1.213,0.7,0.7,0.7,0.7,0.7,0.7,1.213,1.213,1.213,0.787,0.787,0.787,1.3,1.3,1.3,1.3,1.3,1.3,0.787,0.787,0.787
MS1_bs_1316_05257,1,1,1,1,1,1,1,1,1,1,1,1,1.256,1.256,1.256,0.7,0.7,0.7,0.7,0.7,0.7,1.256,1.256,1.256,0.744,0.744,0.744,1.3,1.3,1.3,1.3,1.3,1.3,0.744,0.744,0.744
MS1_bs_1317_05257,1,1,1,1,1,1,1,1,1,1,1,1,1.218,1.218,1.218,0.7,0.7,0.7,0.7,0.7,0.7,1.218,1.218,1.218,0.782,0.782,0.782,1.3,1.3,1.3,1.3,1.3,1.3,0.782,0.782,0.782
MS1_bs_1352_05455,1,1,1,1,1,1,1,1,1,1,1,1,1.341,1.341,1.341,0.7,0.7,0.7,0.7,0.7,0.7,1.341,1.341,1.341,0.659,0.659,0.659,1.3,1.3,1.3,1.3,1.3,1.3,0.659,0.659,0.659
MS1_bs_1363_05455,1,1,1,1,1,1,1,1,1,1,1,1,1.197,1.197,1.197,0.7,0.7,0.7,0.7,0.7,0.7,1.197,1.197,1.197,0.803,0.803,0.803,1.3,1.3,1.3,1.3,1.3,1.3,0.803,0.803,0.803
MS1_bs_1365_05257,1,1,1,1,1,1,1,1,1,1,1,1,1.259,1.259,1.259,0.7,0.7,0.7,0.7,0.7,0.7,1.259,1.259,1.259,0.741,0.741,0.741,1.3,1.3,1.3,1.3,1.3,1.3,0.741,0.741,0.741
MS1_bs_1370_05257,1,1,1,1,1,1,1,1,1,1,1,1,1.505,1.505,1.505,0.7,0.7,0.7,0.7,0.7,0.7,1.505,1.505,1.505,0.495,0.495,0.495,1.3,1.3,1.3,1.3,1.3,1.3,0.495,0.495,0.495
MS1_bs_1393_05455,1,1,1,1,1,1,1,1,1,1,1,1,1.342,1.342,1.342,0.7,0.7,0.7,0.7,0.7,0.7,1.342,1.342,1.342,0.658,0.658,0.658,1.3,1.3,1.3,1.3,1.3,1.3,0.658,0.658,0.658
MS1_bs_1409_05454,1,1,1,1,1,1,1,1,1,1,1,1,1.282,1.282,1.282,0.7,0.7,0.7,0.7,0.7,0.7,1.282,1.282,1.282,0.718,0.718,0.718,1.3,1.3,1.3,1.3,1.3,1.3,0.718,0.718,0.718
MS1_bs_1450_05455,1,1,1,1,1,1,1,1,1,1,1,1,1.268,1.268,1.268,0.7,0.7,0.7,0.7,0.7,0.7,1.268,1.268,1.268,0.732,0.732,0.732,1.3,1.3,1.3,1.3,1.3,1.3,0.732,0.732,0.732
MS1_bs_1455_05455,1,1,1,1,1,1,1,1,1,1,1,1,1.239,1.239,1.239,0.7,0.7,0.7,0.7,0.7,0.7,1.239,1.239,1.239,0.761,0.761,0.761,1.3,1.3,1.3,1.3,1.3,1.3,0.761,0.761,0.761
MS1_bs_1466_05455,1,1,1,1,1,1,1,1,1,1,1,1,1.235,1.235,1.235,0.7,0.7,0.7,0.7,0.7,0.7,1.235,1.235,1.235,0.765,0.765,0.765,1.3,1.3,1.3,1.3,1.3,1.3,0.765,0.765,0.765
MS1_bs_1478_05257,1,1,1,1,1,1,1,1,1,1,1,1,1.293,1.293,1.293,0.7,0.7,0.7,0.7,0.7,0.7,1.293,1.293,1.293,0.707,0.707,0.707,1.3,1.3,1.3,1.3,1.3,1.3,0.707,0.707,0.707
MS1_bs_1480_05257,1,1,1,1,1,1,1,1,1,1,1,1,1.278,1.278,1.278,0.7,0.7,0.7,0.7,0.7,0.7,1.278,1.278,1.278,0.722,0.722,0.722,1.3,1.3,1.3,1.3,1.3,1.3,0.722,0.722,0.722
MS1_bs_1484_05257,1,1,1,1,1,1,1,1,1,1,1,1,1.391,1.391,1.391,0.7,0.7,0.7,0.7,0.7,0.7,1.391,1.391,1.391,0.609,0.609,0.609,1.3,1.3,1.3,1.3,1.3,1.3,0.609,0.609,0.609
MS1_bs_1491_05455,1,1,1,1,1,1,1,1,1,1,1,1,1.435,1.435,1.435,0.7,0.7,0.7,0.7,0.7,0.7,1.435,1.435,1.435,0.565,0.565,0.565,1.3,1.3,1.3,1.3,1.3,1.3,0.565,0.565,0.565
MS1_bs_1495_05257,1,1,1,1,1,1,1,1,1,1,1,1,1.244,1.244,1.244,0.7,0.7,0.7,0.7,0.7,0.7,1.244,1.244,1.244,0.756,0.756,0.756,1.3,1.3,1.3,1.3,1.3,1.3,0.756,0.756,0.756
MS1_bs_1501_05257,1,1,1,1,1,1,1,1,1,1,1,1,1.387,1.387,1.387,0.7,0.7,0.7,0.7,0.7,0.7,1.387,1.387,1.387,0.613,0.613,0.613,1.3,1.3,1.3,1.3,1.3,1.3,0.613,0.613,0.613
MS1_bs_1524_05257,1,1,1,1,1,1,1,1,1,1,1,1,1.356,1.356,1.356,0.7,0.7,0.7,0.7,0.7,0.7,1.356,1.356,1.356,0.644,0.644,0.644,1.3,1.3,1.3,1.3,1.3,1.3,0.644,0.644,0.644
MS1_bs_1527_05257,1,1,1,1,1,1,1,1,1,1,1,1,1.297,1.297,1.297,0.7,0.7,0.7,0.7,0.7,0.7,1.297,1.297,1.297,0.703,0.703,0.703,1.3,1.3,1.3,1.3,1.3,1.3,0.703,0.703,0.703
MS1_bs_1542_05257,1,1,1,1,1,1,1,1,1,1,1,1,1.102,1.102,1.102,0.7,0.7,0.7,0.7,0.7,0.7,1.102,1.102,1.102,0.898,0.898,0.898,1.3,1.3,1.3,1.3,1.3,1.3,0.898,0.898,0.898
MS1_bs_1547_05455,1,1,1,1,1,1,1,1,1,1,1,1,1.275,1.275,1.275,0.7,0.7,0.7,0.7,0.7,0.7,1.275,1.275,1.275,0.725,0.725,0.725,1.3,1.3,1.3,1.3,1.3,1.3,0.725,0.725,0.725
MS1_bs_1548_05455,1,1,1,1,1,1,1,1,1,1,1,1,1.3,1.3,1.3,0.7,0.7,0.7,0.7,0.7,0.7,1.3,1.3,1.3,0.7,0.7,0.7,1.3,1.3,1.3,1.3,1.3,1.3,0.7,0.7,0.7
MS1_bs_1551_05257,1,1,1,1,1,1,1,1,1,1,1,1,1.364,1.364,1.364,0.7,0.7,0.7,0.7,0.7,0.7,1.364,1.364,1.364,0.636,0.636,0.636,1.3,1.3,1.3,1.3,1.3,1.3,0.636,0.636,0.636
MS1_bs_1569_05257,1,1,1,1,1,1,1,1,1,1,1,1,1.118,1.118,1.118,0.7,0.7,0.7,0.7,0.7,0.7,1.118,1.118,1.118,0.882,0.882,0.882,1.3,1.3,1.3,1.3,1.3,1.3,0.882,0.882,0.882
MS1_bs_1571_05257,1,1,1,1,1,1,1,1,1,1,1,1,1.246,1.246,1.246,0.7,0.7,0.7,0.7,0.7,0.7,1.246,1.246,1.246,0.754,0.754,0.754,1.3,1.3,1.3,1.3,1.3,1.3,0.754,0.754,0.754
MS1_bs_1575_05455,1,1,1,1,1,1,1,1,1,1,1,1,1.26,1.26,1.26,0.7,0.7,0.7,0.7,0.7,0.7,1.26,1.26,1.26,0.74,0.74,0.74,1.3,1.3,1.3,1.3,1.3,1.3,0.74,0.74,0.74
MS1_bs_1581_05257,1,1,1,1,1,1,1,1,1,1,1,1,1.263,1.263,1.263,0.7,0.7,0.7,0.7,0.7,0.7,1.263,1.263,1.263,0.737,0.737,0.737,1.3,1.3,1.3,1.3,1.3,1.3,0.737,0.737,0.737
MS1_bs_1590_05257,1,1,1,1,1,1,1,1,1,1,1,1,1.32,1.32,1.32,0.7,0.7,0.7,0.7,0.7,0.7,1.32,1.32,1.32,0.68,0.68,0.68,1.3,1.3,1.3,1.3,1.3,1.3,0.68,0.68,0.68
MS1_bs_1612_05455,1,1,1,1,1,1,1,1,1,1,1,1,1.256,1.256,1.256,0.7,0.7,0.7,0.7,0.7,0.7,1.256,1.256,1.256,0.744,0.744,0.744,1.3,1.3,1.3,1.3,1.3,1.3,0.744,0.744,0.744
MS1_bs_1622_05257,1,1,1,1,1,1,1,1,1,1,1,1,1.276,1.276,1.276,0.7,0.7,0.7,0.7,0.7,0.7,1.276,1.276,1.276,0.724,0.724,0.724,1.3,1.3,1.3,1.3,1.3,1.3,0.724,0.724,0.724
MS1_bs_1624_05455,1,1,1,1,1,1,1,1,1,1,1,1,1.257,1.257,1.257,0.7,0.7,0.7,0.7,0.7,0.7,1.257,1.257,1.257,0.743,0.743,0.743,1.3,1.3,1.3,1.3,1.3,1.3,0.743,0.743,0.743
MS1_bs_1633_05257,1,1,1,1,1,1,1,1,1,1,1,1,1.331,1.331,1.331,0.7,0.7,0.7,0.7,0.7,0.7,1.331,1.331,1.331,0.669,0.669,0.669,1.3,1.3,1.3,1.3,1.3,1.3,0.669,0.669,0.669
MS1_bs_1643_05257,1,1,1,1,1,1,1,1,1,1,1,1,1.4,1.4,1.4,0.7,0.7,0.7,0.7,0.7,0.7,1.4,1.4,1.4,0.6,0.6,0.6,1.3,1.3,1.3,1.3,1.3,1.3,0.6,0.6,0.6
MS1_bs_1652_05455,1,1,1,1,1,1,1,1,1,1,1,1,1.337,1.337,1.337,0.7,0.7,0.7,0.7,0.7,0.7,1.337,1.337,1.337,0.663,0.663,0.663,1.3,1.3,1.3,1.3,1.3,1.3,0.663,0.663,0.663
MS1_bs_1663_05257,1,1,1,1,1,1,1,1,1,1,1,1,1.29,1.29,1.29,0.7,0.7,0.7,0.7,0.7,0.7,1.29,1.29,1.29,0.71,0.71,0.71,1.3,1.3,1.3,1.3,1.3,1.3,0.71,0.71,0.71
MS1_bs_1667_05257,1,1,1,1,1,1,1,1,1,1,1,1,1.296,1.296,1.296,0.7,0.7,0.7,0.7,0.7,0.7,1.296,1.296,1.296,0.704,0.704,0.704,1.3,1.3,1.3,1.3,1.3,1.3,0.704,0.704,0.704
MS1_bs_1681_05257,1,1,1,1,1,1,1,1,1,1,1,1,1.077,1.077,1.077,0.7,0.7,0.7,0.7,0.7,0.7,1.077,1.077,1.077,0.923,0.923,0.923,1.3,1.3,1.3,1.3,1.3,1.3,0.923,0.923,0.923
MS1_bs_1695_05455,1,1,1,1,1,1,1,1,1,1,1,1,1.507,1.507,1.507,0.7,0.7,0.7,0.7,0.7,0.7,1.507,1.507,1.507,0.493,0.493,0.493,1.3,1.3,1.3,1.3,1.3,1.3,0.493,0.493,0.493
MS1_bs_1731_05257,1,1,1,1,1,1,1,1,1,1,1,1,1.307,1.307,1.307,0.7,0.7,0.7,0.7,0.7,0.7,1.307,1.307,1.307,0.693,0.693,0.693,1.3,1.3,1.3,1.3,1.3,1.3,0.693,0.693,0.693
MS1_bs_1741_05257,1,1,1,1,1,1,1,1,1,1,1,1,1.066,1.066,1.066,0.7,0.7,0.7,0.7,0.7,0.7,1.066,1.066,1.066,0.934,0.934,0.934,1.3,1.3,1.3,1.3,1.3,1.3,0.934,0.934,0.934
MS1_bs_1742_05257,1,1,1,1,1,1,1,1,1,1,1,1,1.053,1.053,1.053,0.7,0.7,0.7,0.7,0.7,0.7,1.053,1.053,1.053,0.947,0.947,0.947,1.3,1.3,1.3,1.3,1.3,1.3,0.947,0.947,0.947
