Label,Composition_GrassFraction,Composition_ShrubFraction,Composition_TreeFraction,Composition_ForbFraction,Composition_BareGround,BareGround_Albedo,Grass_Albedo,Grass_CanopyHeight_Constant_cm,Grass_HydRed_OnOff,Grass_SWPcrit_MPa,Grass_Litter_m1,Grass_Litter_m2,Grass_Litter_m3,Grass_Litter_m4,Grass_Litter_m5,Grass_Litter_m6,Grass_Litter_m7,Grass_Litter_m8,Grass_Litter_m9,Grass_Litter_m10,Grass_Litter_m11,Grass_Litter_m12,Grass_Biomass_m1,Grass_Biomass_m2,Grass_Biomass_m3,Grass_Biomass_m4,Grass_Biomass_m5,Grass_Biomass_m6,Grass_Biomass_m7,Grass_Biomass_m8,Grass_Biomass_m9,Grass_Biomass_m10,Grass_Biomass_m11,Grass_Biomass_m12,Grass_FractionLive_m1,Grass_FractionLive_m2,Grass_FractionLive_m3,Grass_FractionLive_m4,Grass_FractionLive_m5,Grass_FractionLive_m6,Grass_FractionLive_m7,Grass_FractionLive_m8,Grass_FractionLive_m9,Grass_FractionLive_m10,Grass_FractionLive_m11,Grass_FractionLive_m12,Grass_LAIconv_m1,Grass_LAIconv_m2,Grass_LAIconv_m3,Grass_LAIconv_m4,Grass_LAIconv_m5,Grass_LAIconv_m6,Grass_LAIconv_m7,Grass_LAIconv_m8,Grass_LAIconv_m9,Grass_LAIconv_m10,Grass_LAIconv_m11,Grass_LAIconv_m12,Shrub_Albedo,Shrub_CanopyHeight_Constant_cm,Shrub_HydRed_OnOff,Shrub_SWPcrit_MPa,Shrub_Litter_m1,Shrub_Litter_m2,Shrub_Litter_m3,Shrub_Litter_m4,Shrub_Litter_m5,Shrub_Litter_m6,Shrub_Litter_m7,Shrub_Litter_m8,Shrub_Litter_m9,Shrub_Litter_m10,Shrub_Litter_m11,Shrub_Litter_m12,Shrub_Biomass_m1,Shrub_Biomass_m2,Shrub_Biomass_m3,Shrub_Biomass_m4,Shrub_Biomass_m5,Shrub_Biomass_m6,Shrub_Biomass_m7,Shrub_Biomass_m8,Shrub_Biomass_m9,Shrub_Biomass_m10,Shrub_Biomass_m11,Shrub_Biomass_m12,Shrub_FractionLive_m1,Shrub_FractionLive_m2,Shrub_FractionLive_m3,Shrub_FractionLive_m4,Shrub_FractionLive_m5,Shrub_FractionLive_m6,Shrub_FractionLive_m7,Shrub_FractionLive_m8,Shrub_FractionLive_m9,Shrub_FractionLive_m10,Shrub_FractionLive_m11,Shrub_FractionLive_m12,Shrub_LAIconv_m1,Shrub_LAIconv_m2,Shrub_LAIconv_m3,Shrub_LAIconv_m4,Shrub_LAIconv_m5,Shrub_LAIconv_m6,Shrub_LAIconv_m7,Shrub_LAIconv_m8,Shrub_LAIconv_m9,Shrub_LAIconv_m10,Shrub_LAIconv_m11,Shrub_LAIconv_m12,Tree_Albedo,Tree_CanopyHeight_Constant_cm,Tree_HydRed_OnOff,Tree_SWPcrit_MPa,Tree_Litter_m1,Tree_Litter_m2,Tree_Litter_m3,Tree_Litter_m4,Tree_Litter_m5,Tree_Litter_m6,Tree_Litter_m7,Tree_Litter_m8,Tree_Litter_m9,Tree_Litter_m10,Tree_Litter_m11,Tree_Litter_m12,Tree_Biomass_m1,Tree_Biomass_m2,Tree_Biomass_m3,Tree_Biomass_m4,Tree_Biomass_m5,Tree_Biomass_m6,Tree_Biomass_m7,Tree_Biomass_m8,Tree_Biomass_m9,Tree_Biomass_m10,Tree_Biomass_m11,Tree_Biomass_m12,Tree_FractionLive_m1,Tree_FractionLive_m2,Tree_FractionLive_m3,Tree_FractionLive_m4,Tree_FractionLive_m5,Tree_FractionLive_m6,Tree_FractionLive_m7,Tree_FractionLive_m8,Tree_FractionLive_m9,Tree_FractionLive_m10,Tree_FractionLive_m11,Tree_FractionLive_m12,Tree_LAIconv_m1,Tree_LAIconv_m2,Tree_LAIconv_m3,Tree_LAIconv_m4,Tree_LAIconv_m5,Tree_LAIconv_m6,Tree_LAIconv_m7,Tree_LAIconv_m8,Tree_LAIconv_m9,Tree_LAIconv_m10,Tree_LAIconv_m11,Tree_LAIconv_m12,Forb_Albedo,Forb_CanopyHeight_Constant_cm,Forb_HydRed_OnOff,Forb_SWPcrit_MPa,Forb_Litter_m1,Forb_Litter_m2,Forb_Litter_m3,Forb_Litter_m4,Forb_Litter_m5,Forb_Litter_m6,Forb_Litter_m7,Forb_Litter_m8,Forb_Litter_m9,Forb_Litter_m10,Forb_Litter_m11,Forb_Litter_m12,Forb_Biomass_m1,Forb_Biomass_m2,Forb_Biomass_m3,Forb_Biomass_m4,Forb_Biomass_m5,Forb_Biomass_m6,Forb_Biomass_m7,Forb_Biomass_m8,Forb_Biomass_m9,Forb_Biomass_m10,Forb_Biomass_m11,Forb_Biomass_m12,Forb_FractionLive_m1,Forb_FractionLive_m2,Forb_FractionLive_m3,Forb_FractionLive_m4,Forb_FractionLive_m5,Forb_FractionLive_m6,Forb_FractionLive_m7,Forb_FractionLive_m8,Forb_FractionLive_m9,Forb_FractionLive_m10,Forb_FractionLive_m11,Forb_FractionLive_m12,Forb_LAIconv_m1,Forb_LAIconv_m2,Forb_LAIconv_m3,Forb_LAIconv_m4,Forb_LAIconv_m5,Forb_LAIconv_m6,Forb_LAIconv_m7,Forb_LAIconv_m8,Forb_LAIconv_m9,Forb_LAIconv_m10,Forb_LAIconv_m11,Forb_LAIconv_m12
UseInformationToCreateSoilWatRuns,1,0,1,0,0,0,0,0,0,0,1,1,1,1,1,1,1,1,1,1,1,1,1,1,1,1,1,1,1,1,1,1,1,1,1,1,1,1,1,1,1,1,1,1,1,1,0,0,0,0,0,0,0,0,0,0,0,0,0,0,0,0,0,0,0,0,0,0,0,0,0,0,0,0,0,0,0,0,0,0,0,0,0,0,0,0,0,0,0,0,0,0,0,0,0,0,0,0,0,0,0,0,0,0,0,0,0,0,0,0,0,1,0,0,1,1,1,1,1,1,1,1,1,1,1,1,1,1,1,1,1,1,1,1,1,1,1,1,1,1,1,1,1,1,1,1,1,1,1,1,1,1,1,1,1,1,1,1,1,1,1,1,0,0,0,0,0,0,0,0,0,0,0,0,0,0,0,0,0,0,0,0,0,0,0,0,0,0,0,0,0,0,0,0,0,0,0,0,0,0,0,0,0,0,0,0,0,0,0,0,0,0,0,0
AEF_60,0,0,1,0,0,NA,NA,NA,NA,NA,0,0,0,0,0,0,0,0,0,0,0,0,0,0,0,0,0,0,0,0,0,0,0,0,0,0,0,0,0,0,0,0,0,0,0,0,NA,NA,NA,NA,NA,NA,NA,NA,NA,NA,NA,NA,NA,NA,NA,NA,NA,NA,NA,NA,NA,NA,NA,NA,NA,NA,NA,NA,NA,NA,NA,NA,NA,NA,NA,NA,NA,NA,NA,NA,NA,NA,NA,NA,NA,NA,NA,NA,NA,NA,NA,NA,NA,NA,NA,NA,NA,NA,NA,NA,NA,NA,NA,NA,NA,1981.2,NA,NA,114.7885182,114.7885182,114.7885182,114.7885182,114.7885182,114.7885182,114.7885182,114.7885182,114.7885182,114.7885182,114.7885182,114.7885182,10789.75942,10789.75942,10789.75942,10789.75942,10789.75942,10789.75942,10789.75942,10789.75942,10789.75942,10789.75942,10789.75942,10789.75942,0.00445105,0.00445105,0.00445105,0.012459232,0.020467414,0.020467414,0.020467414,0.020467414,0.016463323,0.012459232,0.00445105,0.00445105,109.3665816,109.3665816,109.3665816,109.3665816,109.3665816,109.3665816,109.3665816,109.3665816,109.3665816,109.3665816,109.3665816,109.3665816,NA,NA,NA,NA,NA,NA,NA,NA,NA,NA,NA,NA,NA,NA,NA,NA,NA,NA,NA,NA,NA,NA,NA,NA,NA,NA,NA,NA,NA,NA,NA,NA,NA,NA,NA,NA,NA,NA,NA,NA,NA,NA,NA,NA,NA,NA,NA,NA,NA,NA,NA,NA
AEF_75,0,0,1,0,0,NA,NA,NA,NA,NA,0,0,0,0,0,0,0,0,0,0,0,0,0,0,0,0,0,0,0,0,0,0,0,0,0,0,0,0,0,0,0,0,0,0,0,0,NA,NA,NA,NA,NA,NA,NA,NA,NA,NA,NA,NA,NA,NA,NA,NA,NA,NA,NA,NA,NA,NA,NA,NA,NA,NA,NA,NA,NA,NA,NA,NA,NA,NA,NA,NA,NA,NA,NA,NA,NA,NA,NA,NA,NA,NA,NA,NA,NA,NA,NA,NA,NA,NA,NA,NA,NA,NA,NA,NA,NA,NA,NA,NA,NA,1981.2,NA,NA,136.3512585,136.3512585,136.3512585,136.3512585,136.3512585,136.3512585,136.3512585,136.3512585,136.3512585,136.3512585,136.3512585,136.3512585,11910.61996,11910.61996,11910.61996,11910.61996,11910.61996,11910.61996,11910.61996,11910.61996,11910.61996,11910.61996,11910.61996,11910.61996,0.004629753,0.004629753,0.004629753,0.012935744,0.021241735,0.021241735,0.021241735,0.021241735,0.01708874,0.012935744,0.004629753,0.004629753,109.3665816,109.3665816,109.3665816,109.3665816,109.3665816,109.3665816,109.3665816,109.3665816,109.3665816,109.3665816,109.3665816,109.3665816,NA,NA,NA,NA,NA,NA,NA,NA,NA,NA,NA,NA,NA,NA,NA,NA,NA,NA,NA,NA,NA,NA,NA,NA,NA,NA,NA,NA,NA,NA,NA,NA,NA,NA,NA,NA,NA,NA,NA,NA,NA,NA,NA,NA,NA,NA,NA,NA,NA,NA,NA,NA
AEF_90,0,0,1,0,0,NA,NA,NA,NA,NA,0,0,0,0,0,0,0,0,0,0,0,0,0,0,0,0,0,0,0,0,0,0,0,0,0,0,0,0,0,0,0,0,0,0,0,0,NA,NA,NA,NA,NA,NA,NA,NA,NA,NA,NA,NA,NA,NA,NA,NA,NA,NA,NA,NA,NA,NA,NA,NA,NA,NA,NA,NA,NA,NA,NA,NA,NA,NA,NA,NA,NA,NA,NA,NA,NA,NA,NA,NA,NA,NA,NA,NA,NA,NA,NA,NA,NA,NA,NA,NA,NA,NA,NA,NA,NA,NA,NA,NA,NA,1981.2,NA,NA,157.9281426,157.9281426,157.9281426,157.9281426,157.9281426,157.9281426,157.9281426,157.9281426,157.9281426,157.9281426,157.9281426,157.9281426,14074.12747,14074.12747,14074.12747,14074.12747,14074.12747,14074.12747,14074.12747,14074.12747,14074.12747,14074.12747,14074.12747,14074.12747,0.004845211,0.004845211,0.004845211,0.01319727,0.021549329,0.021549329,0.021549329,0.021549329,0.017373299,0.01319727,0.004845211,0.004845211,109.3665816,109.3665816,109.3665816,109.3665816,109.3665816,109.3665816,109.3665816,109.3665816,109.3665816,109.3665816,109.3665816,109.3665816,NA,NA,NA,NA,NA,NA,NA,NA,NA,NA,NA,NA,NA,NA,NA,NA,NA,NA,NA,NA,NA,NA,NA,NA,NA,NA,NA,NA,NA,NA,NA,NA,NA,NA,NA,NA,NA,NA,NA,NA,NA,NA,NA,NA,NA,NA,NA,NA,NA,NA,NA,NA
AEF_CropTreeRelease,0,0,1,0,0,NA,NA,NA,NA,NA,0,0,0,0,0,0,0,0,0,0,0,0,0,0,0,0,0,0,0,0,0,0,0,0,0,0,0,0,0,0,0,0,0,0,0,0,NA,NA,NA,NA,NA,NA,NA,NA,NA,NA,NA,NA,NA,NA,NA,NA,NA,NA,NA,NA,NA,NA,NA,NA,NA,NA,NA,NA,NA,NA,NA,NA,NA,NA,NA,NA,NA,NA,NA,NA,NA,NA,NA,NA,NA,NA,NA,NA,NA,NA,NA,NA,NA,NA,NA,NA,NA,NA,NA,NA,NA,NA,NA,NA,NA,1981.2,NA,NA,145.3324832,145.3324832,145.3324832,145.3324832,145.3324832,145.3324832,145.3324832,145.3324832,145.3324832,145.3324832,145.3324832,145.3324832,12514.90914,12514.90914,12514.90914,12514.90914,12514.90914,12514.90914,12514.90914,12514.90914,12514.90914,12514.90914,12514.90914,12514.90914,0.004155418,0.004155418,0.004155418,0.013332605,0.022509793,0.022509793,0.022509793,0.022509793,0.017921199,0.013332605,0.004155418,0.004155418,109.3665816,109.3665816,109.3665816,109.3665816,109.3665816,109.3665816,109.3665816,109.3665816,109.3665816,109.3665816,109.3665816,109.3665816,NA,NA,NA,NA,NA,NA,NA,NA,NA,NA,NA,NA,NA,NA,NA,NA,NA,NA,NA,NA,NA,NA,NA,NA,NA,NA,NA,NA,NA,NA,NA,NA,NA,NA,NA,NA,NA,NA,NA,NA,NA,NA,NA,NA,NA,NA,NA,NA,NA,NA,NA,NA
AEF_Control,0,0,1,0,0,NA,NA,NA,NA,NA,0,0,0,0,0,0,0,0,0,0,0,0,0,0,0,0,0,0,0,0,0,0,0,0,0,0,0,0,0,0,0,0,0,0,0,0,NA,NA,NA,NA,NA,NA,NA,NA,NA,NA,NA,NA,NA,NA,NA,NA,NA,NA,NA,NA,NA,NA,NA,NA,NA,NA,NA,NA,NA,NA,NA,NA,NA,NA,NA,NA,NA,NA,NA,NA,NA,NA,NA,NA,NA,NA,NA,NA,NA,NA,NA,NA,NA,NA,NA,NA,NA,NA,NA,NA,NA,NA,NA,NA,NA,1775.4264,NA,NA,200,200,200,200,200,200,200,200,200,200,200,200,18466.51539,18466.51539,18466.51539,18466.51539,18466.51539,18466.51539,18466.51539,18466.51539,18466.51539,18466.51539,18466.51539,18466.51539,0.00496348,0.00496348,0.00496348,0.012876203,0.020788926,0.020788926,0.020788926,0.020788926,0.016832564,0.012876203,0.00496348,0.00496348,110.6532473,110.6532473,110.6532473,110.6532473,110.6532473,110.6532473,110.6532473,110.6532473,110.6532473,110.6532473,110.6532473,110.6532473,NA,NA,NA,NA,NA,NA,NA,NA,NA,NA,NA,NA,NA,NA,NA,NA,NA,NA,NA,NA,NA,NA,NA,NA,NA,NA,NA,NA,NA,NA,NA,NA,NA,NA,NA,NA,NA,NA,NA,NA,NA,NA,NA,NA,NA,NA,NA,NA,NA,NA,NA,NA
BEF_Clearcut,0,0,1,0,0,NA,NA,NA,NA,NA,0,0,0,0,0,0,0,0,0,0,0,0,0,0,0,0,0,0,0,0,0,0,0,0,0,0,0,0,0,0,0,0,0,0,0,0,NA,NA,NA,NA,NA,NA,NA,NA,NA,NA,NA,NA,NA,NA,NA,NA,NA,NA,NA,NA,NA,NA,NA,NA,NA,NA,NA,NA,NA,NA,NA,NA,NA,NA,NA,NA,NA,NA,NA,NA,NA,NA,NA,NA,NA,NA,NA,NA,NA,NA,NA,NA,NA,NA,NA,NA,NA,NA,NA,NA,NA,NA,NA,NA,NA,1981.2,NA,NA,71.89025665,71.89025665,71.89025665,71.89025665,71.89025665,71.89025665,71.89025665,71.89025665,71.89025665,71.89025665,71.89025665,71.89025665,9035.603832,9035.603832,9035.603832,9035.603832,9035.603832,9035.603832,9035.603832,9035.603832,9035.603832,9035.603832,9035.603832,9035.603832,0.000394351,0.000394351,0.000394351,0.000394351,0.015787216,0.031180082,0.031180082,0.031180082,0.023483649,0.008090783,0.000394351,0.000394351,289.6871639,289.6871639,289.6871639,289.6871639,289.6871639,289.6871639,289.6871639,289.6871639,289.6871639,289.6871639,289.6871639,289.6871639,NA,NA,NA,NA,NA,NA,NA,NA,NA,NA,NA,NA,NA,NA,NA,NA,NA,NA,NA,NA,NA,NA,NA,NA,NA,NA,NA,NA,NA,NA,NA,NA,NA,NA,NA,NA,NA,NA,NA,NA,NA,NA,NA,NA,NA,NA,NA,NA,NA,NA,NA,NA
BEF_Control,0,0,1,0,0,NA,NA,NA,NA,NA,0,0,0,0,0,0,0,0,0,0,0,0,0,0,0,0,0,0,0,0,0,0,0,0,0,0,0,0,0,0,0,0,0,0,0,0,NA,NA,NA,NA,NA,NA,NA,NA,NA,NA,NA,NA,NA,NA,NA,NA,NA,NA,NA,NA,NA,NA,NA,NA,NA,NA,NA,NA,NA,NA,NA,NA,NA,NA,NA,NA,NA,NA,NA,NA,NA,NA,NA,NA,NA,NA,NA,NA,NA,NA,NA,NA,NA,NA,NA,NA,NA,NA,NA,NA,NA,NA,NA,NA,NA,1981.2,NA,NA,142.7867002,142.7867002,142.7867002,142.7867002,142.7867002,142.7867002,142.7867002,142.7867002,142.7867002,142.7867002,142.7867002,142.7867002,25139.9816,25139.9816,25139.9816,25139.9816,25139.9816,25139.9816,25139.9816,25139.9816,25139.9816,25139.9816,25139.9816,25139.9816,0.014524182,0.014524182,0.014524182,0.014524182,0.022077333,0.029630485,0.029630485,0.029630485,0.025853909,0.018300757,0.014524182,0.014524182,289.6871639,289.6871639,289.6871639,289.6871639,289.6871639,289.6871639,289.6871639,289.6871639,289.6871639,289.6871639,289.6871639,289.6871639,NA,NA,NA,NA,NA,NA,NA,NA,NA,NA,NA,NA,NA,NA,NA,NA,NA,NA,NA,NA,NA,NA,NA,NA,NA,NA,NA,NA,NA,NA,NA,NA,NA,NA,NA,NA,NA,NA,NA,NA,NA,NA,NA,NA,NA,NA,NA,NA,NA,NA,NA,NA
BEF_SingleTree,0,0,1,0,0,NA,NA,NA,NA,NA,0,0,0,0,0,0,0,0,0,0,0,0,0,0,0,0,0,0,0,0,0,0,0,0,0,0,0,0,0,0,0,0,0,0,0,0,NA,NA,NA,NA,NA,NA,NA,NA,NA,NA,NA,NA,NA,NA,NA,NA,NA,NA,NA,NA,NA,NA,NA,NA,NA,NA,NA,NA,NA,NA,NA,NA,NA,NA,NA,NA,NA,NA,NA,NA,NA,NA,NA,NA,NA,NA,NA,NA,NA,NA,NA,NA,NA,NA,NA,NA,NA,NA,NA,NA,NA,NA,NA,NA,NA,1981.2,NA,NA,200,200,200,200,200,200,200,200,200,200,200,200,37393.04203,37393.04203,37393.04203,37393.04203,37393.04203,37393.04203,37393.04203,37393.04203,37393.04203,37393.04203,37393.04203,37393.04203,0.002962954,0.002962954,0.002962954,0.002962954,0.012216999,0.021471045,0.021471045,0.021471045,0.016844022,0.007589977,0.002962954,0.002962954,289.6871639,289.6871639,289.6871639,289.6871639,289.6871639,289.6871639,289.6871639,289.6871639,289.6871639,289.6871639,289.6871639,289.6871639,NA,NA,NA,NA,NA,NA,NA,NA,NA,NA,NA,NA,NA,NA,NA,NA,NA,NA,NA,NA,NA,NA,NA,NA,NA,NA,NA,NA,NA,NA,NA,NA,NA,NA,NA,NA,NA,NA,NA,NA,NA,NA,NA,NA,NA,NA,NA,NA,NA,NA,NA,NA
BLE_120,0.025,NA,0.975,NA,NA,NA,NA,NA,NA,NA,926.5432285,869.6401394,862.1680167,862.1680167,862.1680167,911.7514276,1215.6996,1515.604954,1294.088756,1077.710021,1005.862686,1004.563951,502.931343,502.931343,515.5764739,538.8550103,574.7786779,493.4474948,247.1548315,327.336457,337.9698624,467.0076758,467.0076758,490.2862121,0.001,0.001,0.001,0.001,0.1,0.2956,0.7808,0.9072,0.7728,0.25,0.1,0.035848,NA,NA,NA,NA,NA,NA,NA,NA,NA,NA,NA,NA,NA,NA,NA,NA,NA,NA,NA,NA,NA,NA,NA,NA,NA,NA,NA,NA,NA,NA,NA,NA,NA,NA,NA,NA,NA,NA,NA,NA,NA,NA,NA,NA,NA,NA,NA,NA,NA,NA,NA,NA,NA,NA,NA,NA,NA,NA,NA,NA,NA,NA,NA,NA,NA,1158.333333,NA,NA,121.2069084,121.2069084,121.2069084,121.2069084,121.2069084,121.2069084,121.2069084,121.2069084,121.2069084,121.2069084,121.2069084,121.2069084,17010.5467,17010.5467,17010.5467,17010.5467,17010.5467,17010.5467,17010.5467,17010.5467,17010.5467,17010.5467,17010.5467,17010.5467,0.060192807,0.060192807,0.060192807,0.060192807,0.060514421,0.060836036,0.060836036,0.060836036,0.060514421,0.060353614,0.060192807,0.060192807,355.6200104,355.6200104,355.6200104,355.6200104,355.6200104,355.6200104,355.6200104,355.6200104,355.6200104,355.6200104,355.6200104,355.6200104,NA,NA,NA,NA,NA,NA,NA,NA,NA,NA,NA,NA,NA,NA,NA,NA,NA,NA,NA,NA,NA,NA,NA,NA,NA,NA,NA,NA,NA,NA,NA,NA,NA,NA,NA,NA,NA,NA,NA,NA,NA,NA,NA,NA,NA,NA,NA,NA,NA,NA,NA,NA
BLE_150,0.02,NA,0.98,NA,NA,NA,NA,NA,NA,NA,926.5432285,869.6401394,862.1680167,862.1680167,862.1680167,911.7514276,1215.6996,1515.604954,1294.088756,1077.710021,1005.862686,1004.563951,502.931343,502.931343,515.5764739,538.8550103,574.7786779,493.4474948,247.1548315,327.336457,337.9698624,467.0076758,467.0076758,490.2862121,0.001,0.001,0.001,0.001,0.1,0.2956,0.7808,0.9072,0.7728,0.25,0.1,0.035848,NA,NA,NA,NA,NA,NA,NA,NA,NA,NA,NA,NA,NA,NA,NA,NA,NA,NA,NA,NA,NA,NA,NA,NA,NA,NA,NA,NA,NA,NA,NA,NA,NA,NA,NA,NA,NA,NA,NA,NA,NA,NA,NA,NA,NA,NA,NA,NA,NA,NA,NA,NA,NA,NA,NA,NA,NA,NA,NA,NA,NA,NA,NA,NA,NA,1158.333333,NA,NA,145.2127241,145.2127241,145.2127241,145.2127241,145.2127241,145.2127241,145.2127241,145.2127241,145.2127241,145.2127241,145.2127241,145.2127241,19861.13958,19861.13958,19861.13958,19861.13958,19861.13958,19861.13958,19861.13958,19861.13958,19861.13958,19861.13958,19861.13958,19861.13958,0.060838517,0.060838517,0.060838517,0.060838517,0.061102466,0.061366416,0.061366416,0.061366416,0.061102466,0.060970491,0.060838517,0.060838517,355.6200104,355.6200104,355.6200104,355.6200104,355.6200104,355.6200104,355.6200104,355.6200104,355.6200104,355.6200104,355.6200104,355.6200104,NA,NA,NA,NA,NA,NA,NA,NA,NA,NA,NA,NA,NA,NA,NA,NA,NA,NA,NA,NA,NA,NA,NA,NA,NA,NA,NA,NA,NA,NA,NA,NA,NA,NA,NA,NA,NA,NA,NA,NA,NA,NA,NA,NA,NA,NA,NA,NA,NA,NA,NA,NA
BLE_30,0.1,NA,0.9,NA,NA,NA,NA,NA,NA,NA,926.5432285,869.6401394,862.1680167,862.1680167,862.1680167,911.7514276,1215.6996,1515.604954,1294.088756,1077.710021,1005.862686,1004.563951,502.931343,502.931343,515.5764739,538.8550103,574.7786779,493.4474948,247.1548315,327.336457,337.9698624,467.0076758,467.0076758,490.2862121,0.001,0.001,0.001,0.001,0.1,0.2956,0.7808,0.9072,0.7728,0.25,0.1,0.035848,NA,NA,NA,NA,NA,NA,NA,NA,NA,NA,NA,NA,NA,NA,NA,NA,NA,NA,NA,NA,NA,NA,NA,NA,NA,NA,NA,NA,NA,NA,NA,NA,NA,NA,NA,NA,NA,NA,NA,NA,NA,NA,NA,NA,NA,NA,NA,NA,NA,NA,NA,NA,NA,NA,NA,NA,NA,NA,NA,NA,NA,NA,NA,NA,NA,1158.333333,NA,NA,71.28123894,71.28123894,71.28123894,71.28123894,71.28123894,71.28123894,71.28123894,71.28123894,71.28123894,71.28123894,71.28123894,71.28123894,10481.2078,10481.2078,10481.2078,10481.2078,10481.2078,10481.2078,10481.2078,10481.2078,10481.2078,10481.2078,10481.2078,10481.2078,0.056404967,0.056404967,0.056404967,0.056404967,0.0578982,0.059391433,0.059391433,0.059391433,0.0578982,0.057151583,0.056404967,0.056404967,355.6200104,355.6200104,355.6200104,355.6200104,355.6200104,355.6200104,355.6200104,355.6200104,355.6200104,355.6200104,355.6200104,355.6200104,NA,NA,NA,NA,NA,NA,NA,NA,NA,NA,NA,NA,NA,NA,NA,NA,NA,NA,NA,NA,NA,NA,NA,NA,NA,NA,NA,NA,NA,NA,NA,NA,NA,NA,NA,NA,NA,NA,NA,NA,NA,NA,NA,NA,NA,NA,NA,NA,NA,NA,NA,NA
BLE_60,0.05,NA,0.95,NA,NA,NA,NA,NA,NA,NA,926.5432285,869.6401394,862.1680167,862.1680167,862.1680167,911.7514276,1215.6996,1515.604954,1294.088756,1077.710021,1005.862686,1004.563951,502.931343,502.931343,515.5764739,538.8550103,574.7786779,493.4474948,247.1548315,327.336457,337.9698624,467.0076758,467.0076758,490.2862121,0.001,0.001,0.001,0.001,0.1,0.2956,0.7808,0.9072,0.7728,0.25,0.1,0.035848,NA,NA,NA,NA,NA,NA,NA,NA,NA,NA,NA,NA,NA,NA,NA,NA,NA,NA,NA,NA,NA,NA,NA,NA,NA,NA,NA,NA,NA,NA,NA,NA,NA,NA,NA,NA,NA,NA,NA,NA,NA,NA,NA,NA,NA,NA,NA,NA,NA,NA,NA,NA,NA,NA,NA,NA,NA,NA,NA,NA,NA,NA,NA,NA,NA,1158.333333,NA,NA,108.699927,108.699927,108.699927,108.699927,108.699927,108.699927,108.699927,108.699927,108.699927,108.699927,108.699927,108.699927,16366.98015,16366.98015,16366.98015,16366.98015,16366.98015,16366.98015,16366.98015,16366.98015,16366.98015,16366.98015,16366.98015,16366.98015,0.058636515,0.058636515,0.058636515,0.058636515,0.059102122,0.059567729,0.059567729,0.059567729,0.059102122,0.058869319,0.058636515,0.058636515,355.6200104,355.6200104,355.6200104,355.6200104,355.6200104,355.6200104,355.6200104,355.6200104,355.6200104,355.6200104,355.6200104,355.6200104,NA,NA,NA,NA,NA,NA,NA,NA,NA,NA,NA,NA,NA,NA,NA,NA,NA,NA,NA,NA,NA,NA,NA,NA,NA,NA,NA,NA,NA,NA,NA,NA,NA,NA,NA,NA,NA,NA,NA,NA,NA,NA,NA,NA,NA,NA,NA,NA,NA,NA,NA,NA
BLE_90,0.035,NA,0.965,NA,NA,NA,NA,NA,NA,NA,926.5432285,869.6401394,862.1680167,862.1680167,862.1680167,911.7514276,1215.6996,1515.604954,1294.088756,1077.710021,1005.862686,1004.563951,502.931343,502.931343,515.5764739,538.8550103,574.7786779,493.4474948,247.1548315,327.336457,337.9698624,467.0076758,467.0076758,490.2862121,0.001,0.001,0.001,0.001,0.1,0.2956,0.7808,0.9072,0.7728,0.25,0.1,0.035848,NA,NA,NA,NA,NA,NA,NA,NA,NA,NA,NA,NA,NA,NA,NA,NA,NA,NA,NA,NA,NA,NA,NA,NA,NA,NA,NA,NA,NA,NA,NA,NA,NA,NA,NA,NA,NA,NA,NA,NA,NA,NA,NA,NA,NA,NA,NA,NA,NA,NA,NA,NA,NA,NA,NA,NA,NA,NA,NA,NA,NA,NA,NA,NA,NA,1158.333333,NA,NA,98.68458128,98.68458128,98.68458128,98.68458128,98.68458128,98.68458128,98.68458128,98.68458128,98.68458128,98.68458128,98.68458128,98.68458128,14049.42302,14049.42302,14049.42302,14049.42302,14049.42302,14049.42302,14049.42302,14049.42302,14049.42302,14049.42302,14049.42302,14049.42302,0.059081819,0.059081819,0.059081819,0.059081819,0.059840909,0.0606,0.0606,0.0606,0.059840909,0.059461364,0.059081819,0.059081819,355.6200104,355.6200104,355.6200104,355.6200104,355.6200104,355.6200104,355.6200104,355.6200104,355.6200104,355.6200104,355.6200104,355.6200104,NA,NA,NA,NA,NA,NA,NA,NA,NA,NA,NA,NA,NA,NA,NA,NA,NA,NA,NA,NA,NA,NA,NA,NA,NA,NA,NA,NA,NA,NA,NA,NA,NA,NA,NA,NA,NA,NA,NA,NA,NA,NA,NA,NA,NA,NA,NA,NA,NA,NA,NA,NA
BLE_Control,0.005,NA,0.995,NA,NA,NA,NA,NA,NA,NA,926.5432285,869.6401394,862.1680167,862.1680167,862.1680167,911.7514276,1215.6996,1515.604954,1294.088756,1077.710021,1005.862686,1004.563951,502.931343,502.931343,515.5764739,538.8550103,574.7786779,493.4474948,247.1548315,327.336457,337.9698624,467.0076758,467.0076758,490.2862121,0.001,0.001,0.001,0.001,0.1,0.2956,0.7808,0.9072,0.7728,0.25,0.1,0.035848,NA,NA,NA,NA,NA,NA,NA,NA,NA,NA,NA,NA,NA,NA,NA,NA,NA,NA,NA,NA,NA,NA,NA,NA,NA,NA,NA,NA,NA,NA,NA,NA,NA,NA,NA,NA,NA,NA,NA,NA,NA,NA,NA,NA,NA,NA,NA,NA,NA,NA,NA,NA,NA,NA,NA,NA,NA,NA,NA,NA,NA,NA,NA,NA,NA,1158.333333,NA,NA,200,200,200,200,200,200,200,200,200,200,200,200,27303.17567,27303.17567,27303.17567,27303.17567,27303.17567,27303.17567,27303.17567,27303.17567,27303.17567,27303.17567,27303.17567,27303.17567,0.06096697,0.06096697,0.06096697,0.06096697,0.061192275,0.06141758,0.06141758,0.06141758,0.061192275,0.061079623,0.06096697,0.06096697,355.6200104,355.6200104,355.6200104,355.6200104,355.6200104,355.6200104,355.6200104,355.6200104,355.6200104,355.6200104,355.6200104,355.6200104,NA,NA,NA,NA,NA,NA,NA,NA,NA,NA,NA,NA,NA,NA,NA,NA,NA,NA,NA,NA,NA,NA,NA,NA,NA,NA,NA,NA,NA,NA,NA,NA,NA,NA,NA,NA,NA,NA,NA,NA,NA,NA,NA,NA,NA,NA,NA,NA,NA,NA,NA,NA
BHEF_100,0.03,NA,0.97,NA,NA,NA,NA,NA,NA,NA,740.3097982,694.8441221,688.8738818,688.8738818,688.8738818,728.4911212,971.3462876,1210.971235,1033.979372,861.0923521,803.6861952,802.648503,401.8430976,401.8430976,411.9465812,430.5461761,459.2492545,394.2654848,197.4771794,261.5424504,270.0385616,373.1400191,373.1400191,391.7396139,0.001,0.001,0.001,0.001,0.1,0.2956,0.7808,0.9072,0.7728,0.25,0.1,0.035848,NA,NA,NA,NA,NA,NA,NA,NA,NA,NA,NA,NA,NA,NA,NA,NA,NA,NA,NA,NA,NA,NA,NA,NA,NA,NA,NA,NA,NA,NA,NA,NA,NA,NA,NA,NA,NA,NA,NA,NA,NA,NA,NA,NA,NA,NA,NA,NA,NA,NA,NA,NA,NA,NA,NA,NA,NA,NA,NA,NA,NA,NA,NA,NA,NA,1829,NA,NA,134.2357648,134.2357648,134.2357648,134.2357648,134.2357648,134.2357648,134.2357648,134.2357648,134.2357648,134.2357648,134.2357648,134.2357648,11843.45705,11843.45705,11843.45705,11843.45705,11843.45705,11843.45705,11843.45705,11843.45705,11843.45705,11843.45705,11843.45705,11843.45705,0.062556285,0.062556285,0.062556285,0.062556285,0.062556285,0.062556285,0.062556285,0.062556285,0.062556285,0.062556285,0.062556285,0.062556285,309.9927533,309.9927533,309.9927533,309.9927533,309.9927533,309.9927533,309.9927533,309.9927533,309.9927533,309.9927533,309.9927533,309.9927533,NA,NA,NA,NA,NA,NA,NA,NA,NA,NA,NA,NA,NA,NA,NA,NA,NA,NA,NA,NA,NA,NA,NA,NA,NA,NA,NA,NA,NA,NA,NA,NA,NA,NA,NA,NA,NA,NA,NA,NA,NA,NA,NA,NA,NA,NA,NA,NA,NA,NA,NA,NA
BHEF_120,0.025,NA,0.975,NA,NA,NA,NA,NA,NA,NA,740.3097982,694.8441221,688.8738818,688.8738818,688.8738818,728.4911212,971.3462876,1210.971235,1033.979372,861.0923521,803.6861952,802.648503,401.8430976,401.8430976,411.9465812,430.5461761,459.2492545,394.2654848,197.4771794,261.5424504,270.0385616,373.1400191,373.1400191,391.7396139,0.001,0.001,0.001,0.001,0.1,0.2956,0.7808,0.9072,0.7728,0.25,0.1,0.035848,NA,NA,NA,NA,NA,NA,NA,NA,NA,NA,NA,NA,NA,NA,NA,NA,NA,NA,NA,NA,NA,NA,NA,NA,NA,NA,NA,NA,NA,NA,NA,NA,NA,NA,NA,NA,NA,NA,NA,NA,NA,NA,NA,NA,NA,NA,NA,NA,NA,NA,NA,NA,NA,NA,NA,NA,NA,NA,NA,NA,NA,NA,NA,NA,NA,1829,NA,NA,150,150,150,150,150,150,150,150,150,150,150,150,12932.3267,12932.3267,12932.3267,12932.3267,12932.3267,12932.3267,12932.3267,12932.3267,12932.3267,12932.3267,12932.3267,12932.3267,0.063091081,0.063091081,0.063091081,0.063091081,0.063091081,0.063091081,0.063091081,0.063091081,0.063091081,0.063091081,0.063091081,0.063091081,315.0248925,315.0248925,315.0248925,315.0248925,315.0248925,315.0248925,315.0248925,315.0248925,315.0248925,315.0248925,315.0248925,315.0248925,NA,NA,NA,NA,NA,NA,NA,NA,NA,NA,NA,NA,NA,NA,NA,NA,NA,NA,NA,NA,NA,NA,NA,NA,NA,NA,NA,NA,NA,NA,NA,NA,NA,NA,NA,NA,NA,NA,NA,NA,NA,NA,NA,NA,NA,NA,NA,NA,NA,NA,NA,NA
BHEF_20,0.15,NA,0.85,NA,NA,NA,NA,NA,NA,NA,740.3097982,694.8441221,688.8738818,688.8738818,688.8738818,728.4911212,971.3462876,1210.971235,1033.979372,861.0923521,803.6861952,802.648503,401.8430976,401.8430976,411.9465812,430.5461761,459.2492545,394.2654848,197.4771794,261.5424504,270.0385616,373.1400191,373.1400191,391.7396139,0.001,0.001,0.001,0.001,0.1,0.2956,0.7808,0.9072,0.7728,0.25,0.1,0.035848,NA,NA,NA,NA,NA,NA,NA,NA,NA,NA,NA,NA,NA,NA,NA,NA,NA,NA,NA,NA,NA,NA,NA,NA,NA,NA,NA,NA,NA,NA,NA,NA,NA,NA,NA,NA,NA,NA,NA,NA,NA,NA,NA,NA,NA,NA,NA,NA,NA,NA,NA,NA,NA,NA,NA,NA,NA,NA,NA,NA,NA,NA,NA,NA,NA,1829,NA,NA,36.0080177,36.0080177,36.0080177,36.0080177,36.0080177,36.0080177,36.0080177,36.0080177,36.0080177,36.0080177,36.0080177,36.0080177,3653.606726,3653.606726,3653.606726,3653.606726,3653.606726,3653.606726,3653.606726,3653.606726,3653.606726,3653.606726,3653.606726,3653.606726,0.059737402,0.059737402,0.059737402,0.059737402,0.059737402,0.059737402,0.059737402,0.059737402,0.059737402,0.059737402,0.059737402,0.059737402,315.0248925,315.0248925,315.0248925,315.0248925,315.0248925,315.0248925,315.0248925,315.0248925,315.0248925,315.0248925,315.0248925,315.0248925,NA,NA,NA,NA,NA,NA,NA,NA,NA,NA,NA,NA,NA,NA,NA,NA,NA,NA,NA,NA,NA,NA,NA,NA,NA,NA,NA,NA,NA,NA,NA,NA,NA,NA,NA,NA,NA,NA,NA,NA,NA,NA,NA,NA,NA,NA,NA,NA,NA,NA,NA,NA
BHEF_40,0.08,NA,0.92,NA,NA,NA,NA,NA,NA,NA,740.3097982,694.8441221,688.8738818,688.8738818,688.8738818,728.4911212,971.3462876,1210.971235,1033.979372,861.0923521,803.6861952,802.648503,401.8430976,401.8430976,411.9465812,430.5461761,459.2492545,394.2654848,197.4771794,261.5424504,270.0385616,373.1400191,373.1400191,391.7396139,0.001,0.001,0.001,0.001,0.1,0.2956,0.7808,0.9072,0.7728,0.25,0.1,0.035848,NA,NA,NA,NA,NA,NA,NA,NA,NA,NA,NA,NA,NA,NA,NA,NA,NA,NA,NA,NA,NA,NA,NA,NA,NA,NA,NA,NA,NA,NA,NA,NA,NA,NA,NA,NA,NA,NA,NA,NA,NA,NA,NA,NA,NA,NA,NA,NA,NA,NA,NA,NA,NA,NA,NA,NA,NA,NA,NA,NA,NA,NA,NA,NA,NA,1829,NA,NA,65.50455495,65.50455495,65.50455495,65.50455495,65.50455495,65.50455495,65.50455495,65.50455495,65.50455495,65.50455495,65.50455495,65.50455495,6180.73602,6180.73602,6180.73602,6180.73602,6180.73602,6180.73602,6180.73602,6180.73602,6180.73602,6180.73602,6180.73602,6180.73602,0.061053975,0.061053975,0.061053975,0.061053975,0.061053975,0.061053975,0.061053975,0.061053975,0.061053975,0.061053975,0.061053975,0.061053975,258.4647275,258.4647275,258.4647275,258.4647275,258.4647275,258.4647275,258.4647275,258.4647275,258.4647275,258.4647275,258.4647275,258.4647275,NA,NA,NA,NA,NA,NA,NA,NA,NA,NA,NA,NA,NA,NA,NA,NA,NA,NA,NA,NA,NA,NA,NA,NA,NA,NA,NA,NA,NA,NA,NA,NA,NA,NA,NA,NA,NA,NA,NA,NA,NA,NA,NA,NA,NA,NA,NA,NA,NA,NA,NA,NA
BHEF_60,0.05,NA,0.95,NA,NA,NA,NA,NA,NA,NA,740.3097982,694.8441221,688.8738818,688.8738818,688.8738818,728.4911212,971.3462876,1210.971235,1033.979372,861.0923521,803.6861952,802.648503,401.8430976,401.8430976,411.9465812,430.5461761,459.2492545,394.2654848,197.4771794,261.5424504,270.0385616,373.1400191,373.1400191,391.7396139,0.001,0.001,0.001,0.001,0.1,0.2956,0.7808,0.9072,0.7728,0.25,0.1,0.035848,NA,NA,NA,NA,NA,NA,NA,NA,NA,NA,NA,NA,NA,NA,NA,NA,NA,NA,NA,NA,NA,NA,NA,NA,NA,NA,NA,NA,NA,NA,NA,NA,NA,NA,NA,NA,NA,NA,NA,NA,NA,NA,NA,NA,NA,NA,NA,NA,NA,NA,NA,NA,NA,NA,NA,NA,NA,NA,NA,NA,NA,NA,NA,NA,NA,1829,NA,NA,93.10180911,93.10180911,93.10180911,93.10180911,93.10180911,93.10180911,93.10180911,93.10180911,93.10180911,93.10180911,93.10180911,93.10180911,8567.72714,8567.72714,8567.72714,8567.72714,8567.72714,8567.72714,8567.72714,8567.72714,8567.72714,8567.72714,8567.72714,8567.72714,0.061574124,0.061574124,0.061574124,0.061574124,0.061574124,0.061574124,0.061574124,0.061574124,0.061574124,0.061574124,0.061574124,0.061574124,274.7657775,274.7657775,274.7657775,274.7657775,274.7657775,274.7657775,274.7657775,274.7657775,274.7657775,274.7657775,274.7657775,274.7657775,NA,NA,NA,NA,NA,NA,NA,NA,NA,NA,NA,NA,NA,NA,NA,NA,NA,NA,NA,NA,NA,NA,NA,NA,NA,NA,NA,NA,NA,NA,NA,NA,NA,NA,NA,NA,NA,NA,NA,NA,NA,NA,NA,NA,NA,NA,NA,NA,NA,NA,NA,NA
BHEF_80,0.04,NA,0.96,NA,NA,NA,NA,NA,NA,NA,740.3097982,694.8441221,688.8738818,688.8738818,688.8738818,728.4911212,971.3462876,1210.971235,1033.979372,861.0923521,803.6861952,802.648503,401.8430976,401.8430976,411.9465812,430.5461761,459.2492545,394.2654848,197.4771794,261.5424504,270.0385616,373.1400191,373.1400191,391.7396139,0.001,0.001,0.001,0.001,0.1,0.2956,0.7808,0.9072,0.7728,0.25,0.1,0.035848,NA,NA,NA,NA,NA,NA,NA,NA,NA,NA,NA,NA,NA,NA,NA,NA,NA,NA,NA,NA,NA,NA,NA,NA,NA,NA,NA,NA,NA,NA,NA,NA,NA,NA,NA,NA,NA,NA,NA,NA,NA,NA,NA,NA,NA,NA,NA,NA,NA,NA,NA,NA,NA,NA,NA,NA,NA,NA,NA,NA,NA,NA,NA,NA,NA,1829,NA,NA,114.6436137,114.6436137,114.6436137,114.6436137,114.6436137,114.6436137,114.6436137,114.6436137,114.6436137,114.6436137,114.6436137,114.6436137,10356.78024,10356.78024,10356.78024,10356.78024,10356.78024,10356.78024,10356.78024,10356.78024,10356.78024,10356.78024,10356.78024,10356.78024,0.061953611,0.061953611,0.061953611,0.061953611,0.061953611,0.061953611,0.061953611,0.061953611,0.061953611,0.061953611,0.061953611,0.061953611,302.6603451,302.6603451,302.6603451,302.6603451,302.6603451,302.6603451,302.6603451,302.6603451,302.6603451,302.6603451,302.6603451,302.6603451,NA,NA,NA,NA,NA,NA,NA,NA,NA,NA,NA,NA,NA,NA,NA,NA,NA,NA,NA,NA,NA,NA,NA,NA,NA,NA,NA,NA,NA,NA,NA,NA,NA,NA,NA,NA,NA,NA,NA,NA,NA,NA,NA,NA,NA,NA,NA,NA,NA,NA,NA,NA
BHEF_Control,0.005,NA,0.995,NA,NA,NA,NA,NA,NA,NA,740.3097982,694.8441221,688.8738818,688.8738818,688.8738818,728.4911212,971.3462876,1210.971235,1033.979372,861.0923521,803.6861952,802.648503,401.8430976,401.8430976,411.9465812,430.5461761,459.2492545,394.2654848,197.4771794,261.5424504,270.0385616,373.1400191,373.1400191,391.7396139,0.001,0.001,0.001,0.001,0.1,0.2956,0.7808,0.9072,0.7728,0.25,0.1,0.035848,NA,NA,NA,NA,NA,NA,NA,NA,NA,NA,NA,NA,NA,NA,NA,NA,NA,NA,NA,NA,NA,NA,NA,NA,NA,NA,NA,NA,NA,NA,NA,NA,NA,NA,NA,NA,NA,NA,NA,NA,NA,NA,NA,NA,NA,NA,NA,NA,NA,NA,NA,NA,NA,NA,NA,NA,NA,NA,NA,NA,NA,NA,NA,NA,NA,1829,NA,NA,97.36619382,97.36619382,97.36619382,97.36619382,97.36619382,97.36619382,97.36619382,97.36619382,97.36619382,97.36619382,97.36619382,97.36619382,8007.934198,8007.934198,8007.934198,8007.934198,8007.934198,8007.934198,8007.934198,8007.934198,8007.934198,8007.934198,8007.934198,8007.934198,0.064490087,0.064490087,0.064490087,0.064490087,0.064490087,0.064490087,0.064490087,0.064490087,0.064490087,0.064490087,0.064490087,0.064490087,315.0248925,315.0248925,315.0248925,315.0248925,315.0248925,315.0248925,315.0248925,315.0248925,315.0248925,315.0248925,315.0248925,315.0248925,NA,NA,NA,NA,NA,NA,NA,NA,NA,NA,NA,NA,NA,NA,NA,NA,NA,NA,NA,NA,NA,NA,NA,NA,NA,NA,NA,NA,NA,NA,NA,NA,NA,NA,NA,NA,NA,NA,NA,NA,NA,NA,NA,NA,NA,NA,NA,NA,NA,NA,NA,NA
CEF_100,0.03,NA,0.97,NA,NA,NA,NA,NA,NA,NA,844.21951,810.4507294,810.4507294,810.4507294,874.9799036,1022.859816,1311.37378,1390.906848,1151.867772,1013.063412,945.5258512,942.0656724,472.7629255,478.0392976,506.5317061,540.3004864,539.8314755,235.1307672,268.0396944,303.9190236,327.7604079,438.9941452,438.9941452,467.4865536,0.001,0.001,0.001,0.1,0.271527778,0.542592593,0.903125,0.92037037,0.703240741,0.25,0.1,0.01646875,NA,NA,NA,NA,NA,NA,NA,NA,NA,NA,NA,NA,NA,NA,NA,NA,NA,NA,NA,NA,NA,NA,NA,NA,NA,NA,NA,NA,NA,NA,NA,NA,NA,NA,NA,NA,NA,NA,NA,NA,NA,NA,NA,NA,NA,NA,NA,NA,NA,NA,NA,NA,NA,NA,NA,NA,NA,NA,NA,NA,NA,NA,NA,NA,NA,3200.4,NA,NA,117.2325859,117.2325859,117.2325859,117.2325859,117.2325859,117.2325859,117.2325859,117.2325859,117.2325859,117.2325859,117.2325859,117.2325859,14675.5722,14675.5722,14675.5722,14675.5722,14675.5722,14675.5722,14675.5722,14675.5722,14675.5722,14675.5722,14675.5722,14675.5722,0.058220117,0.058220117,0.058220117,0.058220117,0.058491802,0.058763487,0.058763487,0.058763487,0.058627645,0.058491802,0.058220117,0.058220117,335.8015602,335.8015602,335.8015602,335.8015602,335.8015602,335.8015602,335.8015602,335.8015602,335.8015602,335.8015602,335.8015602,335.8015602,NA,NA,NA,NA,NA,NA,NA,NA,NA,NA,NA,NA,NA,NA,NA,NA,NA,NA,NA,NA,NA,NA,NA,NA,NA,NA,NA,NA,NA,NA,NA,NA,NA,NA,NA,NA,NA,NA,NA,NA,NA,NA,NA,NA,NA,NA,NA,NA,NA,NA,NA,NA
CEF_120,0.025,NA,0.975,NA,NA,NA,NA,NA,NA,NA,844.21951,810.4507294,810.4507294,810.4507294,874.9799036,1022.859816,1311.37378,1390.906848,1151.867772,1013.063412,945.5258512,942.0656724,472.7629255,478.0392976,506.5317061,540.3004864,539.8314755,235.1307672,268.0396944,303.9190236,327.7604079,438.9941452,438.9941452,467.4865536,0.001,0.001,0.001,0.1,0.271527778,0.542592593,0.903125,0.92037037,0.703240741,0.25,0.1,0.01646875,NA,NA,NA,NA,NA,NA,NA,NA,NA,NA,NA,NA,NA,NA,NA,NA,NA,NA,NA,NA,NA,NA,NA,NA,NA,NA,NA,NA,NA,NA,NA,NA,NA,NA,NA,NA,NA,NA,NA,NA,NA,NA,NA,NA,NA,NA,NA,NA,NA,NA,NA,NA,NA,NA,NA,NA,NA,NA,NA,NA,NA,NA,NA,NA,NA,3200.4,NA,NA,138.3560514,138.3560514,138.3560514,138.3560514,138.3560514,138.3560514,138.3560514,138.3560514,138.3560514,138.3560514,138.3560514,138.3560514,16343.60845,16343.60845,16343.60845,16343.60845,16343.60845,16343.60845,16343.60845,16343.60845,16343.60845,16343.60845,16343.60845,16343.60845,0.059722396,0.059722396,0.059722396,0.059756143,0.059789889,0.059789889,0.059789889,0.059789889,0.059773016,0.059756143,0.059722396,0.059722396,335.8015602,335.8015602,335.8015602,335.8015602,335.8015602,335.8015602,335.8015602,335.8015602,335.8015602,335.8015602,335.8015602,335.8015602,NA,NA,NA,NA,NA,NA,NA,NA,NA,NA,NA,NA,NA,NA,NA,NA,NA,NA,NA,NA,NA,NA,NA,NA,NA,NA,NA,NA,NA,NA,NA,NA,NA,NA,NA,NA,NA,NA,NA,NA,NA,NA,NA,NA,NA,NA,NA,NA,NA,NA,NA,NA
CEF_140,0.02,NA,0.98,NA,NA,NA,NA,NA,NA,NA,844.21951,810.4507294,810.4507294,810.4507294,874.9799036,1022.859816,1311.37378,1390.906848,1151.867772,1013.063412,945.5258512,942.0656724,472.7629255,478.0392976,506.5317061,540.3004864,539.8314755,235.1307672,268.0396944,303.9190236,327.7604079,438.9941452,438.9941452,467.4865536,0.001,0.001,0.001,0.1,0.271527778,0.542592593,0.903125,0.92037037,0.703240741,0.25,0.1,0.01646875,NA,NA,NA,NA,NA,NA,NA,NA,NA,NA,NA,NA,NA,NA,NA,NA,NA,NA,NA,NA,NA,NA,NA,NA,NA,NA,NA,NA,NA,NA,NA,NA,NA,NA,NA,NA,NA,NA,NA,NA,NA,NA,NA,NA,NA,NA,NA,NA,NA,NA,NA,NA,NA,NA,NA,NA,NA,NA,NA,NA,NA,NA,NA,NA,NA,3200.4,NA,NA,158.4856056,158.4856056,158.4856056,158.4856056,158.4856056,158.4856056,158.4856056,158.4856056,158.4856056,158.4856056,158.4856056,158.4856056,19157.92553,19157.92553,19157.92553,19157.92553,19157.92553,19157.92553,19157.92553,19157.92553,19157.92553,19157.92553,19157.92553,19157.92553,0.059178256,0.059178256,0.059178256,0.05929266,0.059407063,0.059407063,0.059407063,0.059407063,0.059349861,0.05929266,0.059178256,0.059178256,335.8015602,335.8015602,335.8015602,335.8015602,335.8015602,335.8015602,335.8015602,335.8015602,335.8015602,335.8015602,335.8015602,335.8015602,NA,NA,NA,NA,NA,NA,NA,NA,NA,NA,NA,NA,NA,NA,NA,NA,NA,NA,NA,NA,NA,NA,NA,NA,NA,NA,NA,NA,NA,NA,NA,NA,NA,NA,NA,NA,NA,NA,NA,NA,NA,NA,NA,NA,NA,NA,NA,NA,NA,NA,NA,NA
CEF_60,0.05,NA,0.95,NA,NA,NA,NA,NA,NA,NA,844.21951,810.4507294,810.4507294,810.4507294,874.9799036,1022.859816,1311.37378,1390.906848,1151.867772,1013.063412,945.5258512,942.0656724,472.7629255,478.0392976,506.5317061,540.3004864,539.8314755,235.1307672,268.0396944,303.9190236,327.7604079,438.9941452,438.9941452,467.4865536,0.001,0.001,0.001,0.1,0.271527778,0.542592593,0.903125,0.92037037,0.703240741,0.25,0.1,0.01646875,NA,NA,NA,NA,NA,NA,NA,NA,NA,NA,NA,NA,NA,NA,NA,NA,NA,NA,NA,NA,NA,NA,NA,NA,NA,NA,NA,NA,NA,NA,NA,NA,NA,NA,NA,NA,NA,NA,NA,NA,NA,NA,NA,NA,NA,NA,NA,NA,NA,NA,NA,NA,NA,NA,NA,NA,NA,NA,NA,NA,NA,NA,NA,NA,NA,3200.4,NA,NA,77.98775018,77.98775018,77.98775018,77.98775018,77.98775018,77.98775018,77.98775018,77.98775018,77.98775018,77.98775018,77.98775018,77.98775018,10275.50478,10275.50478,10275.50478,10275.50478,10275.50478,10275.50478,10275.50478,10275.50478,10275.50478,10275.50478,10275.50478,10275.50478,0.05676386,0.05676386,0.05676386,0.057280935,0.057798009,0.057798009,0.057798009,0.057798009,0.057539472,0.057280935,0.05676386,0.05676386,335.8015602,335.8015602,335.8015602,335.8015602,335.8015602,335.8015602,335.8015602,335.8015602,335.8015602,335.8015602,335.8015602,335.8015602,NA,NA,NA,NA,NA,NA,NA,NA,NA,NA,NA,NA,NA,NA,NA,NA,NA,NA,NA,NA,NA,NA,NA,NA,NA,NA,NA,NA,NA,NA,NA,NA,NA,NA,NA,NA,NA,NA,NA,NA,NA,NA,NA,NA,NA,NA,NA,NA,NA,NA,NA,NA
CEF_80,0.04,NA,0.96,NA,NA,NA,NA,NA,NA,NA,844.21951,810.4507294,810.4507294,810.4507294,874.9799036,1022.859816,1311.37378,1390.906848,1151.867772,1013.063412,945.5258512,942.0656724,472.7629255,478.0392976,506.5317061,540.3004864,539.8314755,235.1307672,268.0396944,303.9190236,327.7604079,438.9941452,438.9941452,467.4865536,0,0,0,0,0,0,0,0,0,0,0,0,NA,NA,NA,NA,NA,NA,NA,NA,NA,NA,NA,NA,NA,NA,NA,NA,NA,NA,NA,NA,NA,NA,NA,NA,NA,NA,NA,NA,NA,NA,NA,NA,NA,NA,NA,NA,NA,NA,NA,NA,NA,NA,NA,NA,NA,NA,NA,NA,NA,NA,NA,NA,NA,NA,NA,NA,NA,NA,NA,NA,NA,NA,NA,NA,NA,3200.4,NA,NA,98.67137398,98.67137398,98.67137398,98.67137398,98.67137398,98.67137398,98.67137398,98.67137398,98.67137398,98.67137398,98.67137398,98.67137398,12618.04012,12618.04012,12618.04012,12618.04012,12618.04012,12618.04012,12618.04012,12618.04012,12618.04012,12618.04012,12618.04012,12618.04012,0.058200316,0.058200316,0.058200316,0.058320849,0.058441383,0.058441383,0.058441383,0.058441383,0.058381116,0.058320849,0.058200316,0.058200316,335.8015602,335.8015602,335.8015602,335.8015602,335.8015602,335.8015602,335.8015602,335.8015602,335.8015602,335.8015602,335.8015602,335.8015602,NA,NA,NA,NA,NA,NA,NA,NA,NA,NA,NA,NA,NA,NA,NA,NA,NA,NA,NA,NA,NA,NA,NA,NA,NA,NA,NA,NA,NA,NA,NA,NA,NA,NA,NA,NA,NA,NA,NA,NA,NA,NA,NA,NA,NA,NA,NA,NA,NA,NA,NA,NA
CEF_Control,0.005,NA,0.995,NA,NA,NA,NA,NA,NA,NA,844.21951,810.4507294,810.4507294,810.4507294,874.9799036,1022.859816,1311.37378,1390.906848,1151.867772,1013.063412,945.5258512,942.0656724,472.7629255,478.0392976,506.5317061,540.3004864,539.8314755,235.1307672,268.0396944,303.9190236,327.7604079,438.9941452,438.9941452,467.4865536,0,0,0,0,0,0,0,0,0,0,0,0,NA,NA,NA,NA,NA,NA,NA,NA,NA,NA,NA,NA,NA,NA,NA,NA,NA,NA,NA,NA,NA,NA,NA,NA,NA,NA,NA,NA,NA,NA,NA,NA,NA,NA,NA,NA,NA,NA,NA,NA,NA,NA,NA,NA,NA,NA,NA,NA,NA,NA,NA,NA,NA,NA,NA,NA,NA,NA,NA,NA,NA,NA,NA,NA,NA,3200.4,NA,NA,200,200,200,200,200,200,200,200,200,200,200,200,26263.13245,26263.13245,26263.13245,26263.13245,26263.13245,26263.13245,26263.13245,26263.13245,26263.13245,26263.13245,26263.13245,26263.13245,0.051882475,0.051882475,0.051882475,0.053257342,0.054632208,0.054632208,0.054632208,0.054632208,0.053944775,0.053257342,0.051882475,0.051882475,335.8015602,335.8015602,335.8015602,335.8015602,335.8015602,335.8015602,335.8015602,335.8015602,335.8015602,335.8015602,335.8015602,335.8015602,NA,NA,NA,NA,NA,NA,NA,NA,NA,NA,NA,NA,NA,NA,NA,NA,NA,NA,NA,NA,NA,NA,NA,NA,NA,NA,NA,NA,NA,NA,NA,NA,NA,NA,NA,NA,NA,NA,NA,NA,NA,NA,NA,NA,NA,NA,NA,NA,NA,NA,NA,NA
PEF_3StgShelterWood,0,0,1,0,0,NA,NA,NA,NA,NA,0,0,0,0,0,0,0,0,0,0,0,0,0,0,0,0,0,0,0,0,0,0,0,0,0,0,0,0,0,0,0,0,0,0,0,0,NA,NA,NA,NA,NA,NA,NA,NA,NA,NA,NA,NA,NA,NA,NA,NA,NA,NA,NA,NA,NA,NA,NA,NA,NA,NA,NA,NA,NA,NA,NA,NA,NA,NA,NA,NA,NA,NA,NA,NA,NA,NA,NA,NA,NA,NA,NA,NA,NA,NA,NA,NA,NA,NA,NA,NA,NA,NA,NA,NA,NA,NA,NA,NA,NA,2068.086019,NA,NA,77.55091989,77.55091989,77.55091989,77.55091989,77.55091989,77.55091989,77.55091989,77.55091989,77.55091989,77.55091989,77.55091989,77.55091989,9692.353572,9692.353572,9692.353572,9692.353572,9692.353572,9692.353572,9692.353572,9692.353572,9692.353572,9692.353572,9692.353572,9692.353572,0.055212936,0.055212936,0.056504132,0.05714973,0.057795328,0.057795328,0.057795328,0.057795328,0.05714973,0.055858534,0.055212936,0.055212936,161.4615584,161.4615584,161.4615584,161.4615584,161.4615584,161.4615584,161.4615584,161.4615584,161.4615584,161.4615584,161.4615584,161.4615584,NA,NA,NA,NA,NA,NA,NA,NA,NA,NA,NA,NA,NA,NA,NA,NA,NA,NA,NA,NA,NA,NA,NA,NA,NA,NA,NA,NA,NA,NA,NA,NA,NA,NA,NA,NA,NA,NA,NA,NA,NA,NA,NA,NA,NA,NA,NA,NA,NA,NA,NA,NA
PEF_5YrSelection,0,0,1,0,0,NA,NA,NA,NA,NA,0,0,0,0,0,0,0,0,0,0,0,0,0,0,0,0,0,0,0,0,0,0,0,0,0,0,0,0,0,0,0,0,0,0,0,0,NA,NA,NA,NA,NA,NA,NA,NA,NA,NA,NA,NA,NA,NA,NA,NA,NA,NA,NA,NA,NA,NA,NA,NA,NA,NA,NA,NA,NA,NA,NA,NA,NA,NA,NA,NA,NA,NA,NA,NA,NA,NA,NA,NA,NA,NA,NA,NA,NA,NA,NA,NA,NA,NA,NA,NA,NA,NA,NA,NA,NA,NA,NA,NA,NA,1981.2,NA,NA,98.28955238,98.28955238,98.28955238,98.28955238,98.28955238,98.28955238,98.28955238,98.28955238,98.28955238,98.28955238,98.28955238,98.28955238,12483.78603,12483.78603,12483.78603,12483.78603,12483.78603,12483.78603,12483.78603,12483.78603,12483.78603,12483.78603,12483.78603,12483.78603,0.054086354,0.054086354,0.055380358,0.05602736,0.056674362,0.056674362,0.056674362,0.056674362,0.05602736,0.054733356,0.054086354,0.054086354,262.6365125,262.6365125,262.6365125,262.6365125,262.6365125,262.6365125,262.6365125,262.6365125,262.6365125,262.6365125,262.6365125,262.6365125,NA,NA,NA,NA,NA,NA,NA,NA,NA,NA,NA,NA,NA,NA,NA,NA,NA,NA,NA,NA,NA,NA,NA,NA,NA,NA,NA,NA,NA,NA,NA,NA,NA,NA,NA,NA,NA,NA,NA,NA,NA,NA,NA,NA,NA,NA,NA,NA,NA,NA,NA,NA
PEF_Control,0,0,1,0,0,NA,NA,NA,NA,NA,0,0,0,0,0,0,0,0,0,0,0,0,0,0,0,0,0,0,0,0,0,0,0,0,0,0,0,0,0,0,0,0,0,0,0,0,NA,NA,NA,NA,NA,NA,NA,NA,NA,NA,NA,NA,NA,NA,NA,NA,NA,NA,NA,NA,NA,NA,NA,NA,NA,NA,NA,NA,NA,NA,NA,NA,NA,NA,NA,NA,NA,NA,NA,NA,NA,NA,NA,NA,NA,NA,NA,NA,NA,NA,NA,NA,NA,NA,NA,NA,NA,NA,NA,NA,NA,NA,NA,NA,NA,1981.2,NA,NA,200,200,200,200,200,200,200,200,200,200,200,200,29582.19846,29582.19846,29582.19846,29582.19846,29582.19846,29582.19846,29582.19846,29582.19846,29582.19846,29582.19846,29582.19846,29582.19846,0.052588186,0.052588186,0.053726846,0.054296176,0.054865506,0.054865506,0.054865506,0.054865506,0.054296176,0.053157516,0.052588186,0.052588186,522.3584347,522.3584347,522.3584347,522.3584347,522.3584347,522.3584347,522.3584347,522.3584347,522.3584347,522.3584347,522.3584347,522.3584347,NA,NA,NA,NA,NA,NA,NA,NA,NA,NA,NA,NA,NA,NA,NA,NA,NA,NA,NA,NA,NA,NA,NA,NA,NA,NA,NA,NA,NA,NA,NA,NA,NA,NA,NA,NA,NA,NA,NA,NA,NA,NA,NA,NA,NA,NA,NA,NA,NA,NA,NA,NA
FVEF_100,0.09,NA,0.91,NA,NA,NA,NA,NA,NA,NA,683.9235742,656.5666315,656.5666315,656.5666315,708.8433473,828.6446036,1062.377062,1126.808812,933.1572112,820.7082891,765.9944033,763.1912252,382.9972015,387.2717239,410.3541445,437.7110876,437.33113,190.4853807,217.1457348,246.2124868,265.5269951,355.6402588,355.6402588,378.7226794,0.001,0.001,0.001,0.1,0.271527778,0.542592593,0.903125,0.92037037,0.703240741,0.25,0.1,0.01646875,NA,NA,NA,NA,NA,NA,NA,NA,NA,NA,NA,NA,NA,NA,NA,NA,NA,NA,NA,NA,NA,NA,NA,NA,NA,NA,NA,NA,NA,NA,NA,NA,NA,NA,NA,NA,NA,NA,NA,NA,NA,NA,NA,NA,NA,NA,NA,NA,NA,NA,NA,NA,NA,NA,NA,NA,NA,NA,NA,NA,NA,NA,NA,NA,NA,1981,NA,NA,30.59770131,30.59770131,30.59770131,30.59770131,30.59770131,30.59770131,30.59770131,30.59770131,30.59770131,30.59770131,30.59770131,30.59770131,11584.66986,11584.66986,11584.66986,11584.66986,11584.66986,11584.66986,11584.66986,11584.66986,11584.66986,11584.66986,11584.66986,11584.66986,0.062267344,0.062267344,0.062267344,0.062267344,0.062267344,0.062267344,0.062267344,0.062267344,0.062267344,0.062267344,0.062267344,0.062267344,674.1557245,674.1557245,674.1557245,674.1557245,674.1557245,674.1557245,674.1557245,674.1557245,674.1557245,674.1557245,674.1557245,674.1557245,NA,NA,NA,NA,NA,NA,NA,NA,NA,NA,NA,NA,NA,NA,NA,NA,NA,NA,NA,NA,NA,NA,NA,NA,NA,NA,NA,NA,NA,NA,NA,NA,NA,NA,NA,NA,NA,NA,NA,NA,NA,NA,NA,NA,NA,NA,NA,NA,NA,NA,NA,NA
FVEF_150,0.06,NA,0.94,NA,NA,NA,NA,NA,NA,NA,683.9235742,656.5666315,656.5666315,656.5666315,708.8433473,828.6446036,1062.377062,1126.808812,933.1572112,820.7082891,765.9944033,763.1912252,382.9972015,387.2717239,410.3541445,437.7110876,437.33113,190.4853807,217.1457348,246.2124868,265.5269951,355.6402588,355.6402588,378.7226794,0.001,0.001,0.001,0.1,0.271527778,0.542592593,0.903125,0.92037037,0.703240741,0.25,0.1,0.01646875,NA,NA,NA,NA,NA,NA,NA,NA,NA,NA,NA,NA,NA,NA,NA,NA,NA,NA,NA,NA,NA,NA,NA,NA,NA,NA,NA,NA,NA,NA,NA,NA,NA,NA,NA,NA,NA,NA,NA,NA,NA,NA,NA,NA,NA,NA,NA,NA,NA,NA,NA,NA,NA,NA,NA,NA,NA,NA,NA,NA,NA,NA,NA,NA,NA,1981,NA,NA,40.6365971,40.6365971,40.6365971,40.6365971,40.6365971,40.6365971,40.6365971,40.6365971,40.6365971,40.6365971,40.6365971,40.6365971,14263.69513,14263.69513,14263.69513,14263.69513,14263.69513,14263.69513,14263.69513,14263.69513,14263.69513,14263.69513,14263.69513,14263.69513,0.064303266,0.064303266,0.064303266,0.064303266,0.064303266,0.064303266,0.064303266,0.064303266,0.064303266,0.064303266,0.064303266,0.064303266,684.4792453,684.4792453,684.4792453,684.4792453,684.4792453,684.4792453,684.4792453,684.4792453,684.4792453,684.4792453,684.4792453,684.4792453,NA,NA,NA,NA,NA,NA,NA,NA,NA,NA,NA,NA,NA,NA,NA,NA,NA,NA,NA,NA,NA,NA,NA,NA,NA,NA,NA,NA,NA,NA,NA,NA,NA,NA,NA,NA,NA,NA,NA,NA,NA,NA,NA,NA,NA,NA,NA,NA,NA,NA,NA,NA
FVEF_30,0.3,NA,0.7,NA,NA,NA,NA,NA,NA,NA,683.9235742,656.5666315,656.5666315,656.5666315,708.8433473,828.6446036,1062.377062,1126.808812,933.1572112,820.7082891,765.9944033,763.1912252,382.9972015,387.2717239,410.3541445,437.7110876,437.33113,190.4853807,217.1457348,246.2124868,265.5269951,355.6402588,355.6402588,378.7226794,0.001,0.001,0.001,0.1,0.271527778,0.542592593,0.903125,0.92037037,0.703240741,0.25,0.1,0.01646875,NA,NA,NA,NA,NA,NA,NA,NA,NA,NA,NA,NA,NA,NA,NA,NA,NA,NA,NA,NA,NA,NA,NA,NA,NA,NA,NA,NA,NA,NA,NA,NA,NA,NA,NA,NA,NA,NA,NA,NA,NA,NA,NA,NA,NA,NA,NA,NA,NA,NA,NA,NA,NA,NA,NA,NA,NA,NA,NA,NA,NA,NA,NA,NA,NA,1981,NA,NA,12.35222779,12.35222779,12.35222779,12.35222779,12.35222779,12.35222779,12.35222779,12.35222779,12.35222779,12.35222779,12.35222779,12.35222779,5437.417534,5437.417534,5437.417534,5437.417534,5437.417534,5437.417534,5437.417534,5437.417534,5437.417534,5437.417534,5437.417534,5437.417534,0.059379734,0.059379734,0.059379734,0.059379734,0.059379734,0.059379734,0.059379734,0.059379734,0.059379734,0.059379734,0.059379734,0.059379734,419.3148148,419.3148148,419.3148148,419.3148148,419.3148148,419.3148148,419.3148148,419.3148148,419.3148148,419.3148148,419.3148148,419.3148148,NA,NA,NA,NA,NA,NA,NA,NA,NA,NA,NA,NA,NA,NA,NA,NA,NA,NA,NA,NA,NA,NA,NA,NA,NA,NA,NA,NA,NA,NA,NA,NA,NA,NA,NA,NA,NA,NA,NA,NA,NA,NA,NA,NA,NA,NA,NA,NA,NA,NA,NA,NA
FVEF_Control,0.015,NA,0.985,NA,NA,NA,NA,NA,NA,NA,683.9235742,656.5666315,656.5666315,656.5666315,708.8433473,828.6446036,1062.377062,1126.808812,933.1572112,820.7082891,765.9944033,763.1912252,382.9972015,387.2717239,410.3541445,437.7110876,437.33113,190.4853807,217.1457348,246.2124868,265.5269951,355.6402588,355.6402588,378.7226794,0.001,0.001,0.001,0.1,0.271527778,0.542592593,0.903125,0.92037037,0.703240741,0.25,0.1,0.01646875,NA,NA,NA,NA,NA,NA,NA,NA,NA,NA,NA,NA,NA,NA,NA,NA,NA,NA,NA,NA,NA,NA,NA,NA,NA,NA,NA,NA,NA,NA,NA,NA,NA,NA,NA,NA,NA,NA,NA,NA,NA,NA,NA,NA,NA,NA,NA,NA,NA,NA,NA,NA,NA,NA,NA,NA,NA,NA,NA,NA,NA,NA,NA,NA,NA,1981,NA,NA,50,50,50,50,50,50,50,50,50,50,50,50,19000,19000,19000,19000,19000,19000,19000,19000,19000,19000,19000,19000,0.064617226,0.064617226,0.064617226,0.064617226,0.064617226,0.064617226,0.064617226,0.064617226,0.064617226,0.064617226,0.064617226,0.064617226,831.8535703,831.8535703,831.8535703,831.8535703,831.8535703,831.8535703,831.8535703,831.8535703,831.8535703,831.8535703,831.8535703,831.8535703,NA,NA,NA,NA,NA,NA,NA,NA,NA,NA,NA,NA,NA,NA,NA,NA,NA,NA,NA,NA,NA,NA,NA,NA,NA,NA,NA,NA,NA,NA,NA,NA,NA,NA,NA,NA,NA,NA,NA,NA,NA,NA,NA,NA,NA,NA,NA,NA,NA,NA,NA,NA
VFEF_100,0,0,1,0,0,NA,NA,NA,NA,NA,0,0,0,0,0,0,0,0,0,0,0,0,0,0,0,0,0,0,0,0,0,0,0,0,0,0,0,0,0,0,0,0,0,0,0,0,NA,NA,NA,NA,NA,NA,NA,NA,NA,NA,NA,NA,NA,NA,NA,NA,NA,NA,NA,NA,NA,NA,NA,NA,NA,NA,NA,NA,NA,NA,NA,NA,NA,NA,NA,NA,NA,NA,NA,NA,NA,NA,NA,NA,NA,NA,NA,NA,NA,NA,NA,NA,NA,NA,NA,NA,NA,NA,NA,NA,NA,NA,NA,NA,NA,2540,NA,NA,200,200,200,200,200,200,200,200,200,200,200,200,13119.92647,13119.92647,13119.92647,13119.92647,13119.92647,13119.92647,13119.92647,13119.92647,13119.92647,13119.92647,13119.92647,13119.92647,0,0,0.011598399,0.017397599,0.023196798,0.023196798,0.023196798,0.023196798,0.017397599,0.011598399,0,0,115.9391578,115.9391578,115.9391578,115.9391578,115.9391578,115.9391578,115.9391578,115.9391578,115.9391578,115.9391578,115.9391578,115.9391578,NA,NA,NA,NA,NA,NA,NA,NA,NA,NA,NA,NA,NA,NA,NA,NA,NA,NA,NA,NA,NA,NA,NA,NA,NA,NA,NA,NA,NA,NA,NA,NA,NA,NA,NA,NA,NA,NA,NA,NA,NA,NA,NA,NA,NA,NA,NA,NA,NA,NA,NA,NA
VFEF_40,0,0,1,0,0,NA,NA,NA,NA,NA,0,0,0,0,0,0,0,0,0,0,0,0,0,0,0,0,0,0,0,0,0,0,0,0,0,0,0,0,0,0,0,0,0,0,0,0,NA,NA,NA,NA,NA,NA,NA,NA,NA,NA,NA,NA,NA,NA,NA,NA,NA,NA,NA,NA,NA,NA,NA,NA,NA,NA,NA,NA,NA,NA,NA,NA,NA,NA,NA,NA,NA,NA,NA,NA,NA,NA,NA,NA,NA,NA,NA,NA,NA,NA,NA,NA,NA,NA,NA,NA,NA,NA,NA,NA,NA,NA,NA,NA,NA,2540,NA,NA,136.2901302,136.2901302,136.2901302,136.2901302,136.2901302,136.2901302,136.2901302,136.2901302,136.2901302,136.2901302,136.2901302,136.2901302,8820.423029,8820.423029,8820.423029,8820.423029,8820.423029,8820.423029,8820.423029,8820.423029,8820.423029,8820.423029,8820.423029,8820.423029,0,0,0.011135034,0.016702551,0.022270068,0.022270068,0.022270068,0.022270068,0.016702551,0.011135034,0,0,115.9391578,115.9391578,115.9391578,115.9391578,115.9391578,115.9391578,115.9391578,115.9391578,115.9391578,115.9391578,115.9391578,115.9391578,NA,NA,NA,NA,NA,NA,NA,NA,NA,NA,NA,NA,NA,NA,NA,NA,NA,NA,NA,NA,NA,NA,NA,NA,NA,NA,NA,NA,NA,NA,NA,NA,NA,NA,NA,NA,NA,NA,NA,NA,NA,NA,NA,NA,NA,NA,NA,NA,NA,NA,NA,NA
VFEF_60,0,0,1,0,0,NA,NA,NA,NA,NA,0,0,0,0,0,0,0,0,0,0,0,0,0,0,0,0,0,0,0,0,0,0,0,0,0,0,0,0,0,0,0,0,0,0,0,0,NA,NA,NA,NA,NA,NA,NA,NA,NA,NA,NA,NA,NA,NA,NA,NA,NA,NA,NA,NA,NA,NA,NA,NA,NA,NA,NA,NA,NA,NA,NA,NA,NA,NA,NA,NA,NA,NA,NA,NA,NA,NA,NA,NA,NA,NA,NA,NA,NA,NA,NA,NA,NA,NA,NA,NA,NA,NA,NA,NA,NA,NA,NA,NA,NA,2540,NA,NA,165.4717076,165.4717076,165.4717076,165.4717076,165.4717076,165.4717076,165.4717076,165.4717076,165.4717076,165.4717076,165.4717076,165.4717076,10557.11667,10557.11667,10557.11667,10557.11667,10557.11667,10557.11667,10557.11667,10557.11667,10557.11667,10557.11667,10557.11667,10557.11667,0,0,0.011194523,0.016791785,0.022389046,0.022389046,0.022389046,0.022389046,0.016791785,0.011194523,0,0,115.9391578,115.9391578,115.9391578,115.9391578,115.9391578,115.9391578,115.9391578,115.9391578,115.9391578,115.9391578,115.9391578,115.9391578,NA,NA,NA,NA,NA,NA,NA,NA,NA,NA,NA,NA,NA,NA,NA,NA,NA,NA,NA,NA,NA,NA,NA,NA,NA,NA,NA,NA,NA,NA,NA,NA,NA,NA,NA,NA,NA,NA,NA,NA,NA,NA,NA,NA,NA,NA,NA,NA,NA,NA,NA,NA
VFEF_80,0,0,1,0,0,NA,NA,NA,NA,NA,0,0,0,0,0,0,0,0,0,0,0,0,0,0,0,0,0,0,0,0,0,0,0,0,0,0,0,0,0,0,0,0,0,0,0,0,NA,NA,NA,NA,NA,NA,NA,NA,NA,NA,NA,NA,NA,NA,NA,NA,NA,NA,NA,NA,NA,NA,NA,NA,NA,NA,NA,NA,NA,NA,NA,NA,NA,NA,NA,NA,NA,NA,NA,NA,NA,NA,NA,NA,NA,NA,NA,NA,NA,NA,NA,NA,NA,NA,NA,NA,NA,NA,NA,NA,NA,NA,NA,NA,NA,2540,NA,NA,176.9365874,176.9365874,176.9365874,176.9365874,176.9365874,176.9365874,176.9365874,176.9365874,176.9365874,176.9365874,176.9365874,176.9365874,10915.70042,10915.70042,10915.70042,10915.70042,10915.70042,10915.70042,10915.70042,10915.70042,10915.70042,10915.70042,10915.70042,10915.70042,0,0,0.011636678,0.017455016,0.023273355,0.023273355,0.023273355,0.023273355,0.017455016,0.011636678,0,0,115.9391578,115.9391578,115.9391578,115.9391578,115.9391578,115.9391578,115.9391578,115.9391578,115.9391578,115.9391578,115.9391578,115.9391578,NA,NA,NA,NA,NA,NA,NA,NA,NA,NA,NA,NA,NA,NA,NA,NA,NA,NA,NA,NA,NA,NA,NA,NA,NA,NA,NA,NA,NA,NA,NA,NA,NA,NA,NA,NA,NA,NA,NA,NA,NA,NA,NA,NA,NA,NA,NA,NA,NA,NA,NA,NA